Workbook

Sheet Cover
A1: LAPORAN SURVEI MASYARAKAT DESA MERTASARI
A2: 255 respons | 30 Juni–19 Agustus 2026 | PermenPANRB Nomor 14 Tahun 2017
A4: ISI LAPORAN
A5: Ringkasan | B5: Dashboard, profil, rekomendasi, dan temuan prioritas.
A6: SKM Layanan | B6: Penghitungan 9 unsur layanan L–T.
A7: Antikorupsi | B7: Analisis perilaku antikorupsi U–AC.
A8: Pemahaman | B8: Identifikasi pemahaman umum AD–AQ.
A9: Rencana Aksi | B9: Program, waktu, PIC, dan indikator keberhasilan.
A10: Respons Survei | B10: 255 jawaban sumber.
A12: METODE DAN SUMBER
A13: SKM layanan menggunakan skala 1–4, bobot sama untuk 9 unsur, dan konversi ×25. Antikorupsi dan pemahaman umum merupakan analisis komplementer; indikator kanal informasi/pengaduan dianalisis sebagai frekuensi. Sumber resmi: https://peraturan.bpk.go.id/Details/132600/permen-pan-rb-no-14-tahun-2017 dan JDIH Kementerian PANRB.
A18: CARA MEMBACA LAPORAN
A19: 1. Mulai dari Ringkasan | B19: Lihat empat indikator utama, temuan prioritas, profil responden, dan pesan singkat untuk pimpinan.
A20: 2. Baca SKM Layanan | B20: Nilai 25–100 menunjukkan mutu sembilan unsur layanan. Unsur dengan nilai terendah menjadi prioritas perbaikan.
A21: 3. Baca Antikorupsi | B21: Nilai tinggi berarti masyarakat lebih tegas menolak perilaku yang berisiko korupsi. Bagian ini bersifat diagnostik tambahan.
A22: 4. Baca Pemahaman | B22: Bagian ini menunjukkan seberapa jauh warga mengetahui standar, APBDes, pembangunan, dan berpartisipasi dalam RKP Desa.
A23: 5. Gunakan Rencana Aksi | B23: Setiap masalah telah diterjemahkan menjadi kegiatan, target, waktu, penanggung jawab, bukti, dan mekanisme evaluasi.
A25: PESAN UTAMA
A26: Secara umum pelayanan Desa Mertasari dinilai baik, dengan IKM 83,02. Biaya/tarif menjadi kekuatan paling nyata, sedangkan pengelolaan pengaduan, waktu penyelesaian, dan konsistensi hasil layanan masih perlu diperbaiki. Tantangan terbesar justru berada pada keterlibatan warga dalam RKP Desa dan pemahaman APBDes. Oleh karena itu, tindak lanjut tidak cukup hanya memperbaiki loket pelayanan, tetapi juga harus memperkuat transparansi, partisipasi, dan pendidikan integritas.

Sheet Ringkasan
A1: RINGKASAN EKSEKUTIF SURVEI DESA MERTASARI
A2: 255 responden | 30 Juni–19 Agustus 2026
A4: INDIKATOR UTAMA
A5: IKM LAYANAN | C5: ANTIKORUPSI | E5: PEMAHAMAN | G5: REKOMENDASI
A6: ='SKM Layanan'!F17 -> 83.017429 | C6: =Antikorupsi!F17 -> 82.581699 | E6: =Pemahaman!F20 -> 73.74183 | G6: =AVERAGE(Table1[Seberapa puas Anda dengan Pelayanan yang diberikan oleh Pemerintah Desa Mertasari?]) -> 8.3921569
A9: CERITA SINGKAT
A10: ="IKM layanan "&TEXT(A6,"0.00")&" ("&'SKM Layanan'!G17&"/"&'SKM Layanan'!H17&"). Kekuatan utama adalah biaya/tarif. Prioritas layanan: pengaduan, waktu penyelesaian, dan produk. Pemahaman umum "&TEXT(E6,"0.00")&" terutama tertahan oleh partisipasi RKP Desa dan pengetahuan APBDes." -> IKM layanan 83.02 (B/Baik). Kekuatan utama adalah biaya/tarif. Prioritas layanan: pengaduan, waktu penyelesaian, dan produk. Pemahaman umum 73.74 terutama tertahan oleh partisipasi RKP Desa dan pengetahuan APBDes.
A15: TEMUAN PRIORITAS
A16: Temuan | B16: Nilai | C16: Status | D16: Arah | F16: Profil | G16: Jumlah
A17: Penanganan Pengaduan | B17: ='SKM Layanan'!F14 -> 79.411765 | C17: Prioritas | D17: Kanal & SLA | F17: Laki-Laki | G17: =COUNTIF(Table1[Jenis Kelamin],"Laki-Laki") -> 134
A18: Waktu Penyelesaian | B18: ='SKM Layanan'!F8 -> 80.294118 | C18: Prioritas | D18: Standar waktu | F18: Perempuan | G18: =COUNTIF(Table1[Jenis Kelamin],"Perempuan") -> 121
A19: Produk Spesifikasi | B19: ='SKM Layanan'!F10 -> 80.490196 | C19: Prioritas | D19: Checklist | F19: Usia 17–35 | G19: =COUNTIF(Table1[Usia],"17 - 35 Tahun") -> 90
A20: Partisipasi RKP Desa | B20: =Pemahaman!F16 -> 52.54902 | C20: Kritis | D20: Forum inklusif | F20: Usia 36–55 | G20: =COUNTIF(Table1[Usia],"36 - 55 Tahun") -> 130
A21: Pengetahuan APBDes | B21: =Pemahaman!F15 -> 67.745098 | C21: Perlu diperkuat | D21: Publikasi | F21: Usia >55 | G21: {=SUMPRODUCT(--(Table1[Usia]="> 55 Tahun"))} -> 24
A22: Pendapatan tambahan keluarga tak dijelaskan | B22: =Antikorupsi!F6 -> 77.352941 | C22: Fokus edukasi | D22: Integritas | F22: Komentar terisi | G22: =COUNTA(Table1[Saran dan Kritik untuk perbaikan layanan publik Pemerintah Desa Mertasari]) -> 216
A24: UMPAN BALIK
A25: 216 komentar terisi. Tema dominan: mempertahankan pelayanan yang sudah baik (106) dan peningkatan umum (67); masukan spesifik menyebut keramahan/kesopanan (11) dan kecepatan (9). Tema dapat saling tumpang tindih.
A31: Indeks | B31: Nilai
A32: SKM Layanan | B32: =A6 -> 83.017429
A33: Antikorupsi | B33: =C6 -> 82.581699
A34: Pemahaman | B34: =E6 -> 73.74183
A53: NARASI EKSEKUTIF UNTUK PENGAMBIL KEPUTUSAN
A54: Kesimpulan umum | B54: IKM 83,02 menempatkan kinerja pelayanan dalam mutu B atau Baik. Artinya, pengalaman masyarakat pada umumnya positif, tetapi masih terdapat celah operasional yang perlu ditutup agar layanan bergerak menuju kategori Sangat Baik.
A55: Kekuatan utama | B55: Biaya/tarif memperoleh 96,57 atau Sangat Baik. Sebanyak 223 dari 255 responden menyatakan layanan gratis. Kekuatan ini harus dijaga melalui informasi tarif yang terlihat jelas dan larangan pungutan di luar ketentuan.
A56: Prioritas layanan | B56: Penanganan pengaduan 79,41, waktu penyelesaian 80,29, dan produk layanan 80,49 merupakan tiga unsur terendah. Nilainya tetap Baik, namun paling berpotensi menahan peningkatan IKM keseluruhan.
A57: Tantangan tata kelola | B57: Partisipasi RKP Desa hanya 52,55 dan pengetahuan APBDes 67,75. Ini menunjukkan jarak antara pelayanan administratif yang dinilai baik dengan keterlibatan warga dalam proses perencanaan dan pengawasan desa.
A58: Integritas | B58: Indeks antikorupsi 82,58 menunjukkan penolakan masyarakat cukup baik, tetapi pemahaman mengenai pendapatan tambahan yang tidak jelas, nepotisme pelayanan, dan penggunaan kendaraan dinas perlu dipertegas melalui contoh konkret.
A59: Arah kebijakan | B59: Fokus 12 bulan pertama adalah pembenahan pengaduan, kepastian waktu, kendali mutu dokumen, forum RKP yang inklusif, dan publikasi APBDes. Edukasi integritas dan penguatan siklus SKM dilaksanakan berkelanjutan.
A61: BATASAN INTERPRETASI
A62: Survei menggambarkan pendapat 255 responden pada periode 30 Juni–19 Agustus 2026. Nilai antikorupsi dan pemahaman umum adalah indeks diagnostik yang disusun dari pertanyaan tambahan, bukan bagian dari sembilan unsur baku IKM PermenPANRB. Perbandingan dengan periode sebelumnya belum dapat dilakukan karena data pembanding tidak tersedia pada buku kerja ini. Beberapa kelompok berjumlah kecil, sehingga pembacaan per kelompok perlu dilakukan secara hati-hati.

Sheet SKM Layanan
A1: SURVEI KEPUASAN MASYARAKAT — LAYANAN
A2: 9 unsur L–T | Bobot sama | Konversi NRR × 25 | N=255
A4: HASIL PER UNSUR
A5: No | B5: Unsur | C5: Kolom | D5: N | E5: NRR 1–4 | F5: Nilai 25–100 | G5: Kinerja | H5: Peringkat | I5: Arah | J5: Catatan
A6: 1 | B6: Persyaratan | C6: L | D6: =COUNTA(Table1[Apakah persyaratan pengajuan pelayanan yang ada pada Kantor Desa Mertasari telah mempermudah Anda?]) -> 255 | E6: =(COUNTIF(Table1[Apakah persyaratan pengajuan pelayanan yang ada pada Kantor Desa Mertasari telah mempermudah Anda?],"Cukup Mudah")*2+COUNTIF(Table1[Apakah persyaratan pengajuan pelayanan yang ada pada Kantor Desa Mertasari telah mempermudah Anda?],"Mudah")*3+COUNTIF(Table1[Apakah persyaratan pengajuan pelayanan yang ada pada Kantor Desa Mertasari telah mempermudah Anda?],"Sangat Mudah")*4)/COUNTA(Table1[Apakah persyaratan pengajuan pelayanan yang ada pada Kantor Desa Mertasari telah mempermudah Anda?]) -> 3.2901961 | F6: =E6*25 -> 82.254902 | G6: =IF(F6<65,"Tidak Baik",IF(F6<=76.6,"Kurang Baik",IF(F6<=88.3,"Baik","Sangat Baik"))) -> Baik | H6: =_xlfn.RANK.EQ(F6,$F$6:$F$14,1) -> 6 | I6: =IF(H6<=3,"Prioritas","Pertahankan") -> Pertahankan | J6: =IF(F6<65,"D",IF(F6<=76.6,"C",IF(F6<=88.3,"B","A"))) -> B
A7: 2 | B7: Prosedur | C7: M | D7: =COUNTA(Table1[Seberapa mudahkan prosedur pelayanan yang ada di Desa Mertasari untuk setiap pengajuan permohonan layanan?]) -> 255 | E7: =(COUNTIF(Table1[Seberapa mudahkan prosedur pelayanan yang ada di Desa Mertasari untuk setiap pengajuan permohonan layanan?],"Cukup Mudah")*2+COUNTIF(Table1[Seberapa mudahkan prosedur pelayanan yang ada di Desa Mertasari untuk setiap pengajuan permohonan layanan?],"Mudah")*3+COUNTIF(Table1[Seberapa mudahkan prosedur pelayanan yang ada di Desa Mertasari untuk setiap pengajuan permohonan layanan?],"Sangat Mudah")*4)/COUNTA(Table1[Seberapa mudahkan prosedur pelayanan yang ada di Desa Mertasari untuk setiap pengajuan permohonan layanan?]) -> 3.2509804 | F7: =E7*25 -> 81.27451 | G7: =IF(F7<65,"Tidak Baik",IF(F7<=76.6,"Kurang Baik",IF(F7<=88.3,"Baik","Sangat Baik"))) -> Baik | H7: =_xlfn.RANK.EQ(F7,$F$6:$F$14,1) -> 4 | I7: =IF(H7<=3,"Prioritas","Pertahankan") -> Pertahankan | J7: =IF(F7<65,"D",IF(F7<=76.6,"C",IF(F7<=88.3,"B","A"))) -> B
A8: 3 | B8: Waktu Penyelesaian | C8: N | D8: =COUNTA(Table1[Seberapa cepat waktu yang dibutuhkan dalam proses layanan yang diberikan oleh petugas di Kantor Desa Mertasari?]) -> 255 | E8: =(COUNTIF(Table1[Seberapa cepat waktu yang dibutuhkan dalam proses layanan yang diberikan oleh petugas di Kantor Desa Mertasari?],"Kurang Cepat")*2+COUNTIF(Table1[Seberapa cepat waktu yang dibutuhkan dalam proses layanan yang diberikan oleh petugas di Kantor Desa Mertasari?],"Cepat")*3+COUNTIF(Table1[Seberapa cepat waktu yang dibutuhkan dalam proses layanan yang diberikan oleh petugas di Kantor Desa Mertasari?],"Sangat Cepat")*4)/COUNTA(Table1[Seberapa cepat waktu yang dibutuhkan dalam proses layanan yang diberikan oleh petugas di Kantor Desa Mertasari?]) -> 3.2117647 | F8: =E8*25 -> 80.294118 | G8: =IF(F8<65,"Tidak Baik",IF(F8<=76.6,"Kurang Baik",IF(F8<=88.3,"Baik","Sangat Baik"))) -> Baik | H8: =_xlfn.RANK.EQ(F8,$F$6:$F$14,1) -> 2 | I8: =IF(H8<=3,"Prioritas","Pertahankan") -> Prioritas | J8: =IF(F8<65,"D",IF(F8<=76.6,"C",IF(F8<=88.3,"B","A"))) -> B
A9: 4 | B9: Biaya/Tarif | C9: O | D9: =COUNTA(Table1[Menurut Anda, berapa tarif/biaya layanan yang diterapkan atas layanan yang diberikan oleh Pemerintah Desa Mertasari?]) -> 255 | E9: =(COUNTIF(Table1[Menurut Anda, berapa tarif/biaya layanan yang diterapkan atas layanan yang diberikan oleh Pemerintah Desa Mertasari?],"Cukup Mahal")*2+COUNTIF(Table1[Menurut Anda, berapa tarif/biaya layanan yang diterapkan atas layanan yang diberikan oleh Pemerintah Desa Mertasari?],"Murah")*3+COUNTIF(Table1[Menurut Anda, berapa tarif/biaya layanan yang diterapkan atas layanan yang diberikan oleh Pemerintah Desa Mertasari?],"Gratis")*4)/COUNTA(Table1[Menurut Anda, berapa tarif/biaya layanan yang diterapkan atas layanan yang diberikan oleh Pemerintah Desa Mertasari?]) -> 3.8627451 | F9: =E9*25 -> 96.568627 | G9: =IF(F9<65,"Tidak Baik",IF(F9<=76.6,"Kurang Baik",IF(F9<=88.3,"Baik","Sangat Baik"))) -> Sangat Baik | H9: =_xlfn.RANK.EQ(F9,$F$6:$F$14,1) -> 9 | I9: =IF(H9<=3,"Prioritas","Pertahankan") -> Pertahankan | J9: =IF(F9<65,"D",IF(F9<=76.6,"C",IF(F9<=88.3,"B","A"))) -> A
A10: 5 | B10: Produk Spesifikasi | C10: P | D10: =COUNTA(Table1[Bagaimana pendapat saudara tentang kesesuaian produk pelayanan antara yang tercantum dalam standar hasil pelayanan dengan hasil yang diberikan?]) -> 255 | E10: =(COUNTIF(Table1[Bagaimana pendapat saudara tentang kesesuaian produk pelayanan antara yang tercantum dalam standar hasil pelayanan dengan hasil yang diberikan?],"Tidak Sesuai")*1+COUNTIF(Table1[Bagaimana pendapat saudara tentang kesesuaian produk pelayanan antara yang tercantum dalam standar hasil pelayanan dengan hasil yang diberikan?],"Sesuai")*3+COUNTIF(Table1[Bagaimana pendapat saudara tentang kesesuaian produk pelayanan antara yang tercantum dalam standar hasil pelayanan dengan hasil yang diberikan?],"Sangat Sesuai")*4)/COUNTA(Table1[Bagaimana pendapat saudara tentang kesesuaian produk pelayanan antara yang tercantum dalam standar hasil pelayanan dengan hasil yang diberikan?]) -> 3.2196078 | F10: =E10*25 -> 80.490196 | G10: =IF(F10<65,"Tidak Baik",IF(F10<=76.6,"Kurang Baik",IF(F10<=88.3,"Baik","Sangat Baik"))) -> Baik | H10: =_xlfn.RANK.EQ(F10,$F$6:$F$14,1) -> 3 | I10: =IF(H10<=3,"Prioritas","Pertahankan") -> Prioritas | J10: =IF(F10<65,"D",IF(F10<=76.6,"C",IF(F10<=88.3,"B","A"))) -> B
A11: 6 | B11: Kompetensi Pelaksana | C11: Q | D11: =COUNTA(Table1[Bagaimana pendapat Anda tentang kemampuan perangkat desa dalam memberikan penjelasan mengenai prosedur layanan?]) -> 255 | E11: =(COUNTIF(Table1[Bagaimana pendapat Anda tentang kemampuan perangkat desa dalam memberikan penjelasan mengenai prosedur layanan?],"Tidak Jelas")*1+COUNTIF(Table1[Bagaimana pendapat Anda tentang kemampuan perangkat desa dalam memberikan penjelasan mengenai prosedur layanan?],"Kurang Jelas")*2+COUNTIF(Table1[Bagaimana pendapat Anda tentang kemampuan perangkat desa dalam memberikan penjelasan mengenai prosedur layanan?],"Jelas")*3+COUNTIF(Table1[Bagaimana pendapat Anda tentang kemampuan perangkat desa dalam memberikan penjelasan mengenai prosedur layanan?],"Sangat Jelas")*4)/COUNTA(Table1[Bagaimana pendapat Anda tentang kemampuan perangkat desa dalam memberikan penjelasan mengenai prosedur layanan?]) -> 3.2666667 | F11: =E11*25 -> 81.666667 | G11: =IF(F11<65,"Tidak Baik",IF(F11<=76.6,"Kurang Baik",IF(F11<=88.3,"Baik","Sangat Baik"))) -> Baik | H11: =_xlfn.RANK.EQ(F11,$F$6:$F$14,1) -> 5 | I11: =IF(H11<=3,"Prioritas","Pertahankan") -> Pertahankan | J11: =IF(F11<65,"D",IF(F11<=76.6,"C",IF(F11<=88.3,"B","A"))) -> B
A12: 7 | B12: Perilaku Pelaksana | C12: R | D12: =COUNTA(Table1[Bagaimana pendapat Anda tentang kesopanan dan keramahan perangkat desa dalam memberikan layanan?]) -> 255 | E12: =(COUNTIF(Table1[Bagaimana pendapat Anda tentang kesopanan dan keramahan perangkat desa dalam memberikan layanan?],"Sopan dan Ramah")*3+COUNTIF(Table1[Bagaimana pendapat Anda tentang kesopanan dan keramahan perangkat desa dalam memberikan layanan?],"Sangat Sopan dan Sangat Ramah")*4)/COUNTA(Table1[Bagaimana pendapat Anda tentang kesopanan dan keramahan perangkat desa dalam memberikan layanan?]) -> 3.3098039 | F12: =E12*25 -> 82.745098 | G12: =IF(F12<65,"Tidak Baik",IF(F12<=76.6,"Kurang Baik",IF(F12<=88.3,"Baik","Sangat Baik"))) -> Baik | H12: =_xlfn.RANK.EQ(F12,$F$6:$F$14,1) -> 8 | I12: =IF(H12<=3,"Prioritas","Pertahankan") -> Pertahankan | J12: =IF(F12<65,"D",IF(F12<=76.6,"C",IF(F12<=88.3,"B","A"))) -> B
A13: 8 | B13: Sarana Prasarana | C13: S | D13: =COUNTA(Table1[Menurut Anda, apakah telah tersedia sarana prasarana (komputer, jaringan internet dan lainnya) yang mendukung efektivitas dan efisiensi pelayanan di Pemerintah Desa Mertasari?]) -> 255 | E13: =(COUNTIF(Table1[Menurut Anda, apakah telah tersedia sarana prasarana (komputer, jaringan internet dan lainnya) yang mendukung efektivitas dan efisiensi pelayanan di Pemerintah Desa Mertasari?],"Cukup tersedia tapi kurang mendukung")*2+COUNTIF(Table1[Menurut Anda, apakah telah tersedia sarana prasarana (komputer, jaringan internet dan lainnya) yang mendukung efektivitas dan efisiensi pelayanan di Pemerintah Desa Mertasari?],"Tersedia dan mendukung")*3+COUNTIF(Table1[Menurut Anda, apakah telah tersedia sarana prasarana (komputer, jaringan internet dan lainnya) yang mendukung efektivitas dan efisiensi pelayanan di Pemerintah Desa Mertasari?],"Tersedia dan sangat mendukung")*4)/COUNTA(Table1[Menurut Anda, apakah telah tersedia sarana prasarana (komputer, jaringan internet dan lainnya) yang mendukung efektivitas dan efisiensi pelayanan di Pemerintah Desa Mertasari?]) -> 3.2980392 | F13: =E13*25 -> 82.45098 | G13: =IF(F13<65,"Tidak Baik",IF(F13<=76.6,"Kurang Baik",IF(F13<=88.3,"Baik","Sangat Baik"))) -> Baik | H13: =_xlfn.RANK.EQ(F13,$F$6:$F$14,1) -> 7 | I13: =IF(H13<=3,"Prioritas","Pertahankan") -> Pertahankan | J13: =IF(F13<65,"D",IF(F13<=76.6,"C",IF(F13<=88.3,"B","A"))) -> B
A14: 9 | B14: Penanganan Pengaduan | C14: T | D14: =COUNTA(Table1[Bagaimana pendapat Anda tentang ketersediaan dan penanganan layanan pengaduan masyarakat?]) -> 255 | E14: =(COUNTIF(Table1[Bagaimana pendapat Anda tentang ketersediaan dan penanganan layanan pengaduan masyarakat?],"Ada tetapi belum dikelola dengan baik")*2+COUNTIF(Table1[Bagaimana pendapat Anda tentang ketersediaan dan penanganan layanan pengaduan masyarakat?],"Ada dan sudah dikelola dengan cukup baik")*3+COUNTIF(Table1[Bagaimana pendapat Anda tentang ketersediaan dan penanganan layanan pengaduan masyarakat?],"Ada dan sudah dikelola dengan sangat baik")*4)/COUNTA(Table1[Bagaimana pendapat Anda tentang ketersediaan dan penanganan layanan pengaduan masyarakat?]) -> 3.1764706 | F14: =E14*25 -> 79.411765 | G14: =IF(F14<65,"Tidak Baik",IF(F14<=76.6,"Kurang Baik",IF(F14<=88.3,"Baik","Sangat Baik"))) -> Baik | H14: =_xlfn.RANK.EQ(F14,$F$6:$F$14,1) -> 1 | I14: =IF(H14<=3,"Prioritas","Pertahankan") -> Prioritas | J14: =IF(F14<65,"D",IF(F14<=76.6,"C",IF(F14<=88.3,"B","A"))) -> B
B17: IKM UNIT PELAYANAN | F17: =AVERAGE(E6:E14)*25 -> 83.017429 | G17: =IF(F17<65,"D",IF(F17<=76.6,"C",IF(F17<=88.3,"B","A"))) -> B | H17: =IF(F17<65,"Tidak Baik",IF(F17<=76.6,"Kurang Baik",IF(F17<=88.3,"Baik","Sangat Baik"))) -> Baik
A19: Interval: 25,00–64,99 D/Tidak Baik; 65,00–76,60 C/Kurang Baik; 76,61–88,30 B/Baik; 88,31–100 A/Sangat Baik.
A40: PENJELASAN HASIL LAYANAN
A41: Makna nilai 83,02 | B41: Masyarakat menilai layanan sudah baik. Untuk mencapai kategori A/Sangat Baik, nilai perlu melewati 88,30; peningkatan harus diarahkan pada unsur dengan nilai terendah, bukan hanya mempertahankan rata-rata.
A42: Biaya/Tarif — 96,57 | B42: Ini merupakan unsur terbaik. Persepsi gratis atau murah sangat kuat. Pemerintah desa perlu terus memasang informasi tarif resmi dan menyediakan mekanisme pelaporan apabila terdapat permintaan biaya yang tidak sesuai.
A43: Pengaduan — 79,41 | B43: Sebanyak 23 responden menilai pengaduan ada tetapi belum dikelola dengan baik. Masalah utama bukan sekadar ketersediaan kanal, melainkan pencatatan, batas waktu respons, tindak lanjut, dan informasi hasil penyelesaian.
A44: Waktu — 80,29 | B44: Enam responden menyatakan proses kurang cepat. Nilai ini menunjukkan perlunya standar waktu per jenis layanan, pencatatan waktu mulai–selesai, dan analisis kasus yang melewati target.
A45: Produk — 80,49 | B45: Dua responden menyatakan hasil tidak sesuai. Walaupun jumlahnya kecil, kesalahan dokumen memiliki dampak langsung. Pemeriksaan akhir dan checklist perlu diterapkan sebelum dokumen diserahkan.
A46: Unsur lain | B46: Persyaratan, prosedur, kompetensi, perilaku petugas, dan sarana berada pada kategori Baik. Unsur tersebut dipertahankan sambil memperjelas informasi, meningkatkan keramahan, dan memastikan sarana selalu berfungsi.
A48: REKOMENDASI LAYANAN
A49: Prioritas pertama adalah membangun pengelolaan pengaduan satu pintu: tetapkan nomor WA/SMS resmi, tetap pertahankan kotak pengaduan, gunakan nomor tiket/register, tetapkan waktu respons dan penyelesaian, serta umumkan rekap tindak lanjut tanpa membuka identitas pelapor. Prioritas kedua adalah menetapkan standar waktu setiap jenis surat dan memantau penyimpangannya setiap minggu. Prioritas ketiga adalah menerapkan checklist persyaratan dan pemeriksaan akhir dokumen. Biaya/tarif harus dipertahankan melalui papan informasi “gratis/tarif resmi” yang mudah terlihat.
A55: ANALISIS MENDALAM RESPONDEN DENGAN SKOR LAYANAN RENDAH
A56: Definisi analisis: responden dikategorikan memiliki skor rendah apabila memberikan sedikitnya satu jawaban bernilai 1 atau 2 pada sembilan unsur layanan. Dari 255 responden, 59 orang (23,1%) masuk kelompok ini. Kelompok yang lebih berat—rata-rata skor layanan di bawah 3—berjumlah 25 orang (9,8%). Analisis ini membaca pola dan tidak menyimpulkan sebab-akibat; kelompok kecil dan jenis layanan yang dapat dipilih lebih dari satu harus ditafsirkan dengan hati-hati.
A61: Indikator | B61: Skor rendah (1–2) | C61: Persentase | D61: Makna
A62: Prosedur | B62: 31 | C62: 0.1216 | D62: Masih dinilai cukup mudah, belum sepenuhnya sederhana.
A63: Persyaratan | B63: 24 | C63: 0.0941 | D63: Persyaratan belum terasa mudah bagi sebagian pemohon.
A64: Pengaduan | B64: 23 | C64: 0.0902 | D64: Kanal ada, tetapi pengelolaan/tindak lanjut belum meyakinkan.
A65: Sarana | B65: 10 | C65: 0.0392 | D65: Sarana tersedia namun belum cukup mendukung.
A66: Kompetensi | B66: 7 | C66: 0.0275 | D66: Penjelasan petugas kurang/tidak jelas.
A67: Waktu | B67: 6 | C67: 0.0235 | D67: Proses dirasakan kurang cepat.
A68: Biaya/Tarif | B68: 3 | C68: 0.0118 | D68: Sebagian kecil masih menilai cukup mahal.
A69: Produk | B69: 2 | C69: 0.0078 | D69: Dua responden menyatakan hasil tidak sesuai.
A70: Perilaku petugas | B70: 0 | C70: 0 | D70: Tidak ada jawaban rendah; keramahan menjadi kekuatan.
A72: KETERKAITAN DENGAN PROFIL, JENIS LAYANAN, DAN HASIL LAIN
A73: Dampak pada kepuasan | B73: Rata-rata rekomendasi kelompok skor rendah adalah 7,76, lebih rendah dari seluruh responden 8,39. Pada kelompok berat, rekomendasi turun menjadi 6,84 dan 8 dari 25 orang memberi skor rekomendasi ≤6. Pola ini konsisten dengan adanya hambatan operasional, tetapi penyebabnya tetap perlu dikonfirmasi melalui wawancara singkat dan data proses layanan.
A74: Keterkaitan pemahaman | B74: Kelompok skor layanan rendah juga memiliki indeks pemahaman rata-rata 67,41, di bawah indeks keseluruhan 73,74. Sebanyak 56 dari 59 orang juga memiliki sedikitnya satu skor pemahaman rendah. Temuan ini menunjukkan perlunya menguji apakah informasi persyaratan, alur, dan waktu layanan sudah cukup mudah dipahami.
A75: Keterkaitan antikorupsi | B75: Indeks antikorupsi kelompok ini 77,87, lebih rendah dari keseluruhan 82,58; 31 orang juga memiliki skor antikorupsi rendah. Namun hubungan ini tidak otomatis berarti pengalaman korupsi—lebih tepat dibaca sebagai kebutuhan komunikasi integritas dan standar pelayanan yang konsisten.
A76: Usia | B76: Tingkat responden dengan skor rendah terlihat tinggi pada usia <17 tahun (4 dari 11; 36,4%), tetapi basisnya kecil. Usia 36–55 tahun menyumbang jumlah terbesar, 30 orang, karena merupakan kelompok responden terbesar.
A77: Pendidikan | B77: Tidak sekolah/tidak tamat menunjukkan 3 dari 5 orang dan SD 7 dari 23 orang. Basis kelompok pertama sangat kecil, tetapi pola ini menegaskan perlunya bahasa sederhana, contoh visual, dan bantuan petugas untuk memahami persyaratan.
A78: Jenis pekerjaan | B78: ASN tercatat 5 dari 12 orang dan kategori pekerjaan lainnya 34 dari 118. Angka ASN berasal dari sampel kecil; temuan sebaiknya digunakan sebagai sinyal evaluasi, bukan pelabelan kelompok.
A79: Jenis layanan | B79: Di antara layanan dengan minimal 10 pengguna, proporsi skor rendah relatif tinggi pada Ahli Waris (7/11), Kematian (8/19), Pindah Penduduk (7/19), Tidak Mampu (7/19), dan Nikah (8/22). Layanan tersebut cenderung membutuhkan dokumen lebih banyak atau koordinasi lebih kompleks.
A80: Saran terbuka | B80: Dari 59 orang, 43 memberi komentar. Tema yang muncul adalah mempertahankan yang baik (16), peningkatan umum (14), keramahan (4), dan kecepatan (2). Komentar tidak selalu menyebut masalah spesifik, sehingga wawancara singkat pada pemohon layanan kompleks diperlukan.
A82: KESIMPULAN DAN TINDAKAN TERARAH
A83: Akar masalah yang paling mungkin adalah kombinasi antara prosedur/persyaratan yang belum cukup sederhana, lemahnya pengelolaan pengaduan, dan kebutuhan informasi yang berbeda menurut jenis layanan. Prioritas tindakan: (1) petakan alur dan dokumen untuk layanan Ahli Waris, Kematian, Pindah Penduduk, Tidak Mampu, dan Nikah; (2) buat checklist satu halaman per layanan beserta contoh dokumen; (3) lakukan pendampingan bagi pemohon yang membutuhkan; (4) catat waktu, koreksi, dan pertanyaan yang sering muncul; (5) hubungi kembali sampel pemohon yang memberi rekomendasi ≤6 untuk wawancara singkat; dan (6) ukur ulang indikator prosedur, persyaratan, serta pengaduan setelah tiga bulan. Keberhasilan tidak hanya dilihat dari kenaikan IKM, tetapi juga penurunan pengulangan dokumen, keterlambatan, dan aduan yang tidak selesai.

Sheet Antikorupsi
A1: PERSEPSI PERILAKU ANTIKORUPSI
A2: U–AC | Skor tinggi = penolakan lebih tegas | Indeks komplementer
A4: HASIL 9 INDIKATOR
A5: No | B5: Indikator ringkas | C5: Kolom | D5: N | E5: NRR 1–4 | F5: Indeks | G5: Kategori | H5: Peringkat | I5: Arah | J5: Catatan
A6: 1 | B6: Pendapatan tambahan keluarga yang tidak dijelaskan | C6: U | D6: =COUNTA(Table1[Bagaimana pendapat Saudara tentang perilaku Sikap kita terhadap seseorang yang menerima uang tambahan dari pasangan (suami/istri) di luar gaji/penghasilan yang biasa diterima, tanpa mempertanyakan...]) -> 255 | E6: =(COUNTIF(Table1[Bagaimana pendapat Saudara tentang perilaku Sikap kita terhadap seseorang yang menerima uang tambahan dari pasangan (suami/istri) di luar gaji/penghasilan yang biasa diterima, tanpa mempertanyakan...],"Wajar")*1+COUNTIF(Table1[Bagaimana pendapat Saudara tentang perilaku Sikap kita terhadap seseorang yang menerima uang tambahan dari pasangan (suami/istri) di luar gaji/penghasilan yang biasa diterima, tanpa mempertanyakan...],"Cenderung Wajar")*2+COUNTIF(Table1[Bagaimana pendapat Saudara tentang perilaku Sikap kita terhadap seseorang yang menerima uang tambahan dari pasangan (suami/istri) di luar gaji/penghasilan yang biasa diterima, tanpa mempertanyakan...],"Cenderung Tidak Wajar")*3+COUNTIF(Table1[Bagaimana pendapat Saudara tentang perilaku Sikap kita terhadap seseorang yang menerima uang tambahan dari pasangan (suami/istri) di luar gaji/penghasilan yang biasa diterima, tanpa mempertanyakan...],"Tidak Wajar")*4)/COUNTA(Table1[Bagaimana pendapat Saudara tentang perilaku Sikap kita terhadap seseorang yang menerima uang tambahan dari pasangan (suami/istri) di luar gaji/penghasilan yang biasa diterima, tanpa mempertanyakan...]) -> 3.0941176 | F6: =E6*25 -> 77.352941 | G6: =IF(F6<65,"Tidak Baik",IF(F6<=76.6,"Kurang Baik",IF(F6<=88.3,"Baik","Sangat Baik"))) -> Baik | H6: =_xlfn.RANK.EQ(F6,$F$6:$F$14,1) -> 1 | I6: =IF(H6<=3,"Prioritas","Pertahankan") -> Prioritas | J6: Fokus edukasi
A7: 2 | B7: Kendaraan dinas untuk pribadi | C7: V | D7: =COUNTA(Table1[Bagaimana pendapat Saudara tentang perilaku Seorang Perangkat Desa menggunakan kendaraan dinas untuk keperluan keluarga / pribadi.?]) -> 255 | E7: =(COUNTIF(Table1[Bagaimana pendapat Saudara tentang perilaku Seorang Perangkat Desa menggunakan kendaraan dinas untuk keperluan keluarga / pribadi.?],"Wajar")*1+COUNTIF(Table1[Bagaimana pendapat Saudara tentang perilaku Seorang Perangkat Desa menggunakan kendaraan dinas untuk keperluan keluarga / pribadi.?],"Cenderung Wajar")*2+COUNTIF(Table1[Bagaimana pendapat Saudara tentang perilaku Seorang Perangkat Desa menggunakan kendaraan dinas untuk keperluan keluarga / pribadi.?],"Cenderung Tidak Wajar")*3+COUNTIF(Table1[Bagaimana pendapat Saudara tentang perilaku Seorang Perangkat Desa menggunakan kendaraan dinas untuk keperluan keluarga / pribadi.?],"Tidak Wajar")*4)/COUNTA(Table1[Bagaimana pendapat Saudara tentang perilaku Seorang Perangkat Desa menggunakan kendaraan dinas untuk keperluan keluarga / pribadi.?]) -> 3.2078431 | F7: =E7*25 -> 80.196078 | G7: =IF(F7<65,"Tidak Baik",IF(F7<=76.6,"Kurang Baik",IF(F7<=88.3,"Baik","Sangat Baik"))) -> Baik | H7: =_xlfn.RANK.EQ(F7,$F$6:$F$14,1) -> 3 | I7: =IF(H7<=3,"Prioritas","Pertahankan") -> Prioritas | J7: Fokus edukasi
A8: 3 | B8: Imbalan politik via keluarga | C8: W | D8: =COUNTA(Table1[Bagaimana pendapat Saudara tentang perilaku Seseorang mengajak anggota keluarga dalam kampanye Pilkades/Pilkada/Pemilu demi mendapatkan lebih banyak imbalan (uang, barang, sembako, pulsa dll).?]) -> 255 | E8: =(COUNTIF(Table1[Bagaimana pendapat Saudara tentang perilaku Seseorang mengajak anggota keluarga dalam kampanye Pilkades/Pilkada/Pemilu demi mendapatkan lebih banyak imbalan (uang, barang, sembako, pulsa dll).?],"Wajar")*1+COUNTIF(Table1[Bagaimana pendapat Saudara tentang perilaku Seseorang mengajak anggota keluarga dalam kampanye Pilkades/Pilkada/Pemilu demi mendapatkan lebih banyak imbalan (uang, barang, sembako, pulsa dll).?],"Cenderung Wajar")*2+COUNTIF(Table1[Bagaimana pendapat Saudara tentang perilaku Seseorang mengajak anggota keluarga dalam kampanye Pilkades/Pilkada/Pemilu demi mendapatkan lebih banyak imbalan (uang, barang, sembako, pulsa dll).?],"Cenderung Tidak Wajar")*3+COUNTIF(Table1[Bagaimana pendapat Saudara tentang perilaku Seseorang mengajak anggota keluarga dalam kampanye Pilkades/Pilkada/Pemilu demi mendapatkan lebih banyak imbalan (uang, barang, sembako, pulsa dll).?],"Tidak Wajar")*4)/COUNTA(Table1[Bagaimana pendapat Saudara tentang perilaku Seseorang mengajak anggota keluarga dalam kampanye Pilkades/Pilkada/Pemilu demi mendapatkan lebih banyak imbalan (uang, barang, sembako, pulsa dll).?]) -> 3.372549 | F8: =E8*25 -> 84.313725 | G8: =IF(F8<65,"Tidak Baik",IF(F8<=76.6,"Kurang Baik",IF(F8<=88.3,"Baik","Sangat Baik"))) -> Baik | H8: =_xlfn.RANK.EQ(F8,$F$6:$F$14,1) -> 7 | I8: =IF(H8<=3,"Prioritas","Pertahankan") -> Pertahankan | J8: Pemeliharaan
A9: 4 | B9: Nepotisme pelayanan | C9: X | D9: =COUNTA(Table1[Bagaimana pendapat Saudara tentang perilaku Seseorang memanfaatkan hubungan keluarga yang mempunyai kewenangan agar dipermudah dalam pelayanan publik.?]) -> 255 | E9: =(COUNTIF(Table1[Bagaimana pendapat Saudara tentang perilaku Seseorang memanfaatkan hubungan keluarga yang mempunyai kewenangan agar dipermudah dalam pelayanan publik.?],"Wajar")*1+COUNTIF(Table1[Bagaimana pendapat Saudara tentang perilaku Seseorang memanfaatkan hubungan keluarga yang mempunyai kewenangan agar dipermudah dalam pelayanan publik.?],"Cenderung Wajar")*2+COUNTIF(Table1[Bagaimana pendapat Saudara tentang perilaku Seseorang memanfaatkan hubungan keluarga yang mempunyai kewenangan agar dipermudah dalam pelayanan publik.?],"Cenderung Tidak Wajar")*3+COUNTIF(Table1[Bagaimana pendapat Saudara tentang perilaku Seseorang memanfaatkan hubungan keluarga yang mempunyai kewenangan agar dipermudah dalam pelayanan publik.?],"Tidak Wajar")*4)/COUNTA(Table1[Bagaimana pendapat Saudara tentang perilaku Seseorang memanfaatkan hubungan keluarga yang mempunyai kewenangan agar dipermudah dalam pelayanan publik.?]) -> 3.2039216 | F9: =E9*25 -> 80.098039 | G9: =IF(F9<65,"Tidak Baik",IF(F9<=76.6,"Kurang Baik",IF(F9<=88.3,"Baik","Sangat Baik"))) -> Baik | H9: =_xlfn.RANK.EQ(F9,$F$6:$F$14,1) -> 2 | I9: =IF(H9<=3,"Prioritas","Pertahankan") -> Prioritas | J9: Fokus edukasi
A10: 5 | B10: Gaya hidup di luar kemampuan | C10: Y | D10: =COUNTA(Table1[Bagaimana pendapat Saudara tentang perilaku Seseorang bergaya hidup mewah di luar dari kemampuan agar diakui/dianggap berada oleh masyarkat.?]) -> 255 | E10: =(COUNTIF(Table1[Bagaimana pendapat Saudara tentang perilaku Seseorang bergaya hidup mewah di luar dari kemampuan agar diakui/dianggap berada oleh masyarkat.?],"Wajar")*1+COUNTIF(Table1[Bagaimana pendapat Saudara tentang perilaku Seseorang bergaya hidup mewah di luar dari kemampuan agar diakui/dianggap berada oleh masyarkat.?],"Cenderung Wajar")*2+COUNTIF(Table1[Bagaimana pendapat Saudara tentang perilaku Seseorang bergaya hidup mewah di luar dari kemampuan agar diakui/dianggap berada oleh masyarkat.?],"Cenderung Tidak Wajar")*3+COUNTIF(Table1[Bagaimana pendapat Saudara tentang perilaku Seseorang bergaya hidup mewah di luar dari kemampuan agar diakui/dianggap berada oleh masyarkat.?],"Tidak Wajar")*4)/COUNTA(Table1[Bagaimana pendapat Saudara tentang perilaku Seseorang bergaya hidup mewah di luar dari kemampuan agar diakui/dianggap berada oleh masyarkat.?]) -> 3.545098 | F10: =E10*25 -> 88.627451 | G10: =IF(F10<65,"Tidak Baik",IF(F10<=76.6,"Kurang Baik",IF(F10<=88.3,"Baik","Sangat Baik"))) -> Sangat Baik | H10: =_xlfn.RANK.EQ(F10,$F$6:$F$14,1) -> 9 | I10: =IF(H10<=3,"Prioritas","Pertahankan") -> Pertahankan | J10: Pemeliharaan
A11: 6 | B11: Pemberian berlebih saat hajatan | C11: Z | D11: =COUNTA(Table1[Bagaimana pendapat Saudara tentang perilaku Suatu keluarga memberi uang/barang/fasilitas yang lebih kepada Pejabat atau Perangkat Desa ketika melaksanakan hajatan (penikahan, khitanan, kematian dl...]) -> 255 | E11: =(COUNTIF(Table1[Bagaimana pendapat Saudara tentang perilaku Suatu keluarga memberi uang/barang/fasilitas yang lebih kepada Pejabat atau Perangkat Desa ketika melaksanakan hajatan (penikahan, khitanan, kematian dl...],"Wajar")*1+COUNTIF(Table1[Bagaimana pendapat Saudara tentang perilaku Suatu keluarga memberi uang/barang/fasilitas yang lebih kepada Pejabat atau Perangkat Desa ketika melaksanakan hajatan (penikahan, khitanan, kematian dl...],"Cenderung Wajar")*2+COUNTIF(Table1[Bagaimana pendapat Saudara tentang perilaku Suatu keluarga memberi uang/barang/fasilitas yang lebih kepada Pejabat atau Perangkat Desa ketika melaksanakan hajatan (penikahan, khitanan, kematian dl...],"Cenderung Tidak Wajar")*3+COUNTIF(Table1[Bagaimana pendapat Saudara tentang perilaku Suatu keluarga memberi uang/barang/fasilitas yang lebih kepada Pejabat atau Perangkat Desa ketika melaksanakan hajatan (penikahan, khitanan, kematian dl...],"Tidak Wajar")*4)/COUNTA(Table1[Bagaimana pendapat Saudara tentang perilaku Suatu keluarga memberi uang/barang/fasilitas yang lebih kepada Pejabat atau Perangkat Desa ketika melaksanakan hajatan (penikahan, khitanan, kematian dl...]) -> 3.2235294 | F11: =E11*25 -> 80.588235 | G11: =IF(F11<65,"Tidak Baik",IF(F11<=76.6,"Kurang Baik",IF(F11<=88.3,"Baik","Sangat Baik"))) -> Baik | H11: =_xlfn.RANK.EQ(F11,$F$6:$F$14,1) -> 4 | I11: =IF(H11<=3,"Prioritas","Pertahankan") -> Pertahankan | J11: Pemeliharaan
A12: 7 | B12: RT/RW membagikan imbalan | C12: AA | D12: =COUNTA(Table1[Bagaimana pendapat Saudara tentang perilaku Ketua RT / RW membantu calon Kepala Desa/Kepala Daerah/Legislatif untuk membagikan uang/barang/fasilitas kepada Masyarakat agar dipilih.?]) -> 255 | E12: =(COUNTIF(Table1[Bagaimana pendapat Saudara tentang perilaku Ketua RT / RW membantu calon Kepala Desa/Kepala Daerah/Legislatif untuk membagikan uang/barang/fasilitas kepada Masyarakat agar dipilih.?],"Wajar")*1+COUNTIF(Table1[Bagaimana pendapat Saudara tentang perilaku Ketua RT / RW membantu calon Kepala Desa/Kepala Daerah/Legislatif untuk membagikan uang/barang/fasilitas kepada Masyarakat agar dipilih.?],"Cenderung Wajar")*2+COUNTIF(Table1[Bagaimana pendapat Saudara tentang perilaku Ketua RT / RW membantu calon Kepala Desa/Kepala Daerah/Legislatif untuk membagikan uang/barang/fasilitas kepada Masyarakat agar dipilih.?],"Cenderung Tidak Wajar")*3+COUNTIF(Table1[Bagaimana pendapat Saudara tentang perilaku Ketua RT / RW membantu calon Kepala Desa/Kepala Daerah/Legislatif untuk membagikan uang/barang/fasilitas kepada Masyarakat agar dipilih.?],"Tidak Wajar")*4)/COUNTA(Table1[Bagaimana pendapat Saudara tentang perilaku Ketua RT / RW membantu calon Kepala Desa/Kepala Daerah/Legislatif untuk membagikan uang/barang/fasilitas kepada Masyarakat agar dipilih.?]) -> 3.3411765 | F12: =E12*25 -> 83.529412 | G12: =IF(F12<65,"Tidak Baik",IF(F12<=76.6,"Kurang Baik",IF(F12<=88.3,"Baik","Sangat Baik"))) -> Baik | H12: =_xlfn.RANK.EQ(F12,$F$6:$F$14,1) -> 5 | I12: =IF(H12<=3,"Prioritas","Pertahankan") -> Pertahankan | J12: Pemeliharaan
A13: 8 | B13: Bantuan tanpa cek asal-usul | C13: AB | D13: =COUNTA(Table1[Bagaimana pendapat Saudara tentang perilaku Kelompok/Lembaga Masyarakat menerima sumbangan/bantuan/pemberian/hibah dari seseorang tanpa mempertanyakan asal usulnya.?]) -> 255 | E13: =(COUNTIF(Table1[Bagaimana pendapat Saudara tentang perilaku Kelompok/Lembaga Masyarakat menerima sumbangan/bantuan/pemberian/hibah dari seseorang tanpa mempertanyakan asal usulnya.?],"Wajar")*1+COUNTIF(Table1[Bagaimana pendapat Saudara tentang perilaku Kelompok/Lembaga Masyarakat menerima sumbangan/bantuan/pemberian/hibah dari seseorang tanpa mempertanyakan asal usulnya.?],"Cenderung Wajar")*2+COUNTIF(Table1[Bagaimana pendapat Saudara tentang perilaku Kelompok/Lembaga Masyarakat menerima sumbangan/bantuan/pemberian/hibah dari seseorang tanpa mempertanyakan asal usulnya.?],"Cenderung Tidak Wajar")*3+COUNTIF(Table1[Bagaimana pendapat Saudara tentang perilaku Kelompok/Lembaga Masyarakat menerima sumbangan/bantuan/pemberian/hibah dari seseorang tanpa mempertanyakan asal usulnya.?],"Tidak Wajar")*4)/COUNTA(Table1[Bagaimana pendapat Saudara tentang perilaku Kelompok/Lembaga Masyarakat menerima sumbangan/bantuan/pemberian/hibah dari seseorang tanpa mempertanyakan asal usulnya.?]) -> 3.3843137 | F13: =E13*25 -> 84.607843 | G13: =IF(F13<65,"Tidak Baik",IF(F13<=76.6,"Kurang Baik",IF(F13<=88.3,"Baik","Sangat Baik"))) -> Baik | H13: =_xlfn.RANK.EQ(F13,$F$6:$F$14,1) -> 8 | I13: =IF(H13<=3,"Prioritas","Pertahankan") -> Pertahankan | J13: Pemeliharaan
A14: 9 | B14: Bansos tidak sesuai kriteria | C14: AC | D14: =COUNTA(Table1[Bagaimana pendapat Saudara tentang perilaku Ketua RT/RW/Kepala Desa mengusulkan warganya yang tidak sesuai kriteria untuk mendapatkan dana bantuan sosial.?]) -> 255 | E14: =(COUNTIF(Table1[Bagaimana pendapat Saudara tentang perilaku Ketua RT/RW/Kepala Desa mengusulkan warganya yang tidak sesuai kriteria untuk mendapatkan dana bantuan sosial.?],"Wajar")*1+COUNTIF(Table1[Bagaimana pendapat Saudara tentang perilaku Ketua RT/RW/Kepala Desa mengusulkan warganya yang tidak sesuai kriteria untuk mendapatkan dana bantuan sosial.?],"Cenderung Wajar")*2+COUNTIF(Table1[Bagaimana pendapat Saudara tentang perilaku Ketua RT/RW/Kepala Desa mengusulkan warganya yang tidak sesuai kriteria untuk mendapatkan dana bantuan sosial.?],"Cenderung Tidak Wajar")*3+COUNTIF(Table1[Bagaimana pendapat Saudara tentang perilaku Ketua RT/RW/Kepala Desa mengusulkan warganya yang tidak sesuai kriteria untuk mendapatkan dana bantuan sosial.?],"Tidak Wajar")*4)/COUNTA(Table1[Bagaimana pendapat Saudara tentang perilaku Ketua RT/RW/Kepala Desa mengusulkan warganya yang tidak sesuai kriteria untuk mendapatkan dana bantuan sosial.?]) -> 3.3568627 | F14: =E14*25 -> 83.921569 | G14: =IF(F14<65,"Tidak Baik",IF(F14<=76.6,"Kurang Baik",IF(F14<=88.3,"Baik","Sangat Baik"))) -> Baik | H14: =_xlfn.RANK.EQ(F14,$F$6:$F$14,1) -> 6 | I14: =IF(H14<=3,"Prioritas","Pertahankan") -> Pertahankan | J14: Pemeliharaan
B17: INDEKS PERSEPSI ANTIKORUPSI | F17: =AVERAGE(E6:E14)*25 -> 82.581699 | G17: Bukan unsur baku IKM
A39: PENJELASAN PERSEPSI ANTIKORUPSI
A40: Makna indeks 82,58 | B40: Secara umum masyarakat cukup tegas menolak perilaku yang berisiko korupsi. Namun nilai ini belum berarti risiko telah hilang; fokusnya adalah memperjelas situasi yang masih dianggap abu-abu.
A41: Pendapatan tambahan keluarga — 77,35 | B41: Sebanyak 70 responden masih menilai wajar atau cenderung wajar apabila seseorang menerima tambahan uang keluarga di luar penghasilan biasa tanpa menanyakan sumbernya. Ini bukan dasar untuk menuduh, tetapi menunjukkan perlunya literasi mengenai kewajaran sumber penghasilan dan pengelolaan risiko konflik kepentingan.
A42: Nepotisme — 80,10 | B42: Sebanyak 53 responden menilai penggunaan hubungan keluarga untuk kemudahan pelayanan wajar atau cenderung wajar. Standar antrean dan persyaratan harus berlaku sama bagi semua warga.
A43: Kendaraan dinas — 80,20 | B43: Sebanyak 52 responden menilai penggunaan kendaraan dinas untuk keluarga/pribadi wajar atau cenderung wajar. Aturan penggunaan aset perlu dibuat sederhana, tertulis, dan diawasi.
A44: Kekuatan — 88,63 | B44: Penolakan terhadap gaya hidup mewah di luar kemampuan merupakan indikator terkuat. Pesan ini dapat menjadi pintu masuk kampanye integritas yang mudah dipahami masyarakat.
A45: Prinsip tindak lanjut | B45: Gunakan contoh kasus sehari-hari, bukan istilah hukum yang rumit. Bedakan gratifikasi, konflik kepentingan, penyalahgunaan aset, nepotisme, dan politik uang beserta kanal konsultasi/pelaporannya.
A47: REKOMENDASI ANTIKORUPSI
A48: Laksanakan kelas singkat integritas minimal setiap semester untuk perangkat desa, RT/RW, BPD, tokoh masyarakat, kelompok perempuan, dan pemuda. Materinya mencakup konflik kepentingan, penggunaan aset dinas, penerimaan hadiah, bansos, politik uang, serta cara menolak dan melaporkan secara aman. Seluruh aparatur menandatangani pakta integritas, penggunaan aset dicatat, dan kasus konflik kepentingan dideklarasikan. Efektivitas program diukur melalui survei ulang terhadap tiga indikator terendah dan pencatatan tindak lanjut pengaduan integritas.
A55: ANALISIS MENDALAM RESPONDEN DENGAN SKOR ANTIKORUPSI RENDAH
A56: Skor rendah berarti responden menjawab “Wajar” atau “Cenderung Wajar” pada sedikitnya satu perilaku berisiko. Terdapat 104 orang (40,8%) dalam kelompok ini; 53 orang (20,8%) memiliki rata-rata indeks antikorupsi di bawah 75. Besarnya kelompok tidak langsung menunjukkan adanya praktik korupsi, melainkan memperlihatkan perilaku yang batas kewajarannya belum dipahami secara seragam.
A61: Perilaku | B61: Wajar/cenderung wajar | C61: Persentase | D61: Risiko interpretasi
A62: Pendapatan tambahan tak jelas | B62: 70 | C62: 0.2745 | D62: Sumber pendapatan tidak biasa belum selalu dianggap perlu dipertanyakan.
A63: Pemberian berlebih saat hajatan | B63: 54 | C63: 0.2118 | D63: Batas antara tradisi, hadiah, dan konflik kepentingan belum jelas.
A64: Nepotisme pelayanan | B64: 53 | C64: 0.2078 | D64: Kemudahan karena hubungan keluarga masih ditoleransi sebagian warga.
A65: Kendaraan dinas untuk pribadi | B65: 52 | C65: 0.2039 | D65: Penggunaan aset publik untuk kepentingan pribadi belum tegas dipahami.
A66: RT/RW membagikan imbalan | B66: 42 | C66: 0.1647 | D66: Risiko politik uang masih dianggap wajar oleh sebagian responden.
A67: Imbalan politik via keluarga | B67: 40 | C67: 0.1569 | D67: Keterlibatan keluarga tidak menghilangkan unsur imbalan politik.
A68: Bansos tidak sesuai kriteria | B68: 38 | C68: 0.149 | D68: Penyimpangan sasaran bantuan belum ditolak seragam.
A69: Bantuan tanpa cek asal-usul | B69: 32 | C69: 0.1255 | D69: Uji asal-usul bantuan belum menjadi kebiasaan.
A70: Gaya hidup di luar kemampuan | B70: 20 | C70: 0.0784 | D70: Indikator paling dipahami; tetap perlu dipertahankan.
A72: KETERKAITAN DENGAN KEPUASAN, PROFIL, DAN PEMAHAMAN
A73: Bukan terutama masalah kepuasan | B73: Kelompok dengan skor antikorupsi rendah tetap memiliki IKM layanan 82,37 dan rekomendasi 8,60. Karena kepuasan layanan tetap tinggi, skor ini lebih tepat dibaca sebagai perbedaan pemahaman mengenai batas perilaku yang wajar—bukan sebagai bukti terjadinya korupsi atau pengalaman langsung responden.
A74: Keterkaitan pemahaman | B74: Indeks pemahaman kelompok ini 72,08; 85 dari 104 orang juga memiliki minimal satu skor pemahaman rendah. Edukasi integritas harus dikaitkan dengan SOP, APBDes, bantuan sosial, aset desa, dan partisipasi—bukan berdiri sebagai slogan umum.
A75: Gender dan usia | B75: Proporsi perempuan 53/121 (43,8%) dan laki-laki 51/134 (38,1%) relatif berdekatan. Usia 36–55 memiliki proporsi 58/130 (44,6%). Perbedaannya tidak cukup untuk menjadikan satu kelompok sebagai sasaran tunggal.
A76: Pendidikan | B76: D4/S1/S2 menunjukkan 14 dari 22 orang (63,6%), lebih tinggi daripada kelompok lain, tetapi sampelnya kecil. Ini menunjukkan masalah bukan semata rendahnya pendidikan; perilaku seperti hadiah, hubungan keluarga, dan penggunaan aset memang dapat dipersepsikan berbeda secara sosial.
A77: Pekerjaan | B77: Kategori pekerjaan lainnya memiliki 61/118 (51,7%) dan ASN 5/12 (41,7%). Karena kategori “lainnya” luas dan ASN kecil, tindak lanjut sebaiknya bersifat universal dengan contoh yang relevan untuk tiap kelompok.
A78: Jenis layanan | B78: Proporsi relatif tinggi terlihat pada pengguna Surat Tidak Mampu (12/19), kategori layanan lainnya (30/49), dan layanan Nikah (13/22). Ini bukan bukti bahwa layanan tersebut bermasalah; pilihan layanan bersifat multi-respons dan kemungkinan mencerminkan komposisi responden.
A79: Saran terbuka | B79: Sebanyak 98 dari 104 orang memberi komentar, tetapi kebanyakan berbicara tentang mempertahankan pelayanan dan peningkatan umum. Minimnya penyebutan integritas menunjukkan pertanyaan tertutup menangkap isu yang tidak spontan muncul dalam komentar.
A80: Tumpang tindih | B80: Sebanyak 30 responden memiliki skor rendah di ketiga bidang. Kelompok ini layak menjadi sasaran wawancara kualitatif karena menggabungkan pengalaman layanan, pemahaman tata kelola, dan persepsi integritas.
A82: KESIMPULAN DAN TINDAKAN TERARAH
A83: Temuan utama adalah adanya area abu-abu sosial, bukan ketidakpuasan terhadap layanan. Rekomendasi: (1) gunakan studi kasus pendek tentang hadiah hajatan, pendapatan tambahan, nepotisme, kendaraan dinas, bansos, dan politik uang; (2) jelaskan perbedaan tradisi yang wajar dengan konflik kepentingan atau penyalahgunaan kewenangan; (3) terapkan pakta integritas, register hadiah/gratifikasi, log aset, dan deklarasi konflik kepentingan; (4) libatkan RT/RW, tokoh agama/adat, pemuda, dan kelompok perempuan; (5) sediakan kanal konsultasi yang aman sebelum pelaporan; dan (6) ukur perubahan per indikator, bukan hanya indeks gabungan. Target awal adalah menurunkan jawaban wajar/cenderung wajar pada tiga indikator terburuk sekurang-kurangnya 25% dalam survei berikutnya.

Sheet Pemahaman
A1: IDENTIFIKASI PEMAHAMAN UMUM MASYARAKAT
A2: Kolom AD–AQ | 12 indikator ordinal dan 2 kanal informasi | Analisis diagnostik, bukan unsur baku IKM
A4: PEMAHAMAN DAN PARTISIPASI
A5: No | B5: Indikator | C5: Kolom | D5: N | E5: NRR 1–4 | F5: Indeks 25–100 | G5: Kategori | H5: Peringkat | I5: Arah | J5: Interpretasi
A6: 1 | B6: Integritas perangkat | C6: AD | D6: =COUNTA(Table1[Apakah Perangkat Desa Mertasari dalam memberikan pelayanan menerapkan prinsip berintegritas dan berperilaku sesuai etika?]) -> 255 | E6: =(COUNTIF(Table1[Apakah Perangkat Desa Mertasari dalam memberikan pelayanan menerapkan prinsip berintegritas dan berperilaku sesuai etika?],"Tidak Pernah")*1+COUNTIF(Table1[Apakah Perangkat Desa Mertasari dalam memberikan pelayanan menerapkan prinsip berintegritas dan berperilaku sesuai etika?],"Kadang-Kadang")*2+COUNTIF(Table1[Apakah Perangkat Desa Mertasari dalam memberikan pelayanan menerapkan prinsip berintegritas dan berperilaku sesuai etika?],"Pernah")*3+COUNTIF(Table1[Apakah Perangkat Desa Mertasari dalam memberikan pelayanan menerapkan prinsip berintegritas dan berperilaku sesuai etika?],"Selalu")*4)/COUNTA(Table1[Apakah Perangkat Desa Mertasari dalam memberikan pelayanan menerapkan prinsip berintegritas dan berperilaku sesuai etika?]) -> 3.6823529 | F6: =E6*25 -> 92.058824 | G6: =IF(F6<65,"Tidak Baik",IF(F6<=76.6,"Kurang Baik",IF(F6<=88.3,"Baik","Sangat Baik"))) -> Sangat Baik | H6: =_xlfn.RANK.EQ(F6,$F$6:$F$17,1) -> 12 | I6: =IF(H6<=3,"Prioritas",IF(F6<76.61,"Perlu diperkuat","Pertahankan")) -> Pertahankan | J6: =IF(F6<65,"Kritis",IF(F6<76.61,"Belum merata","Memadai")) -> Memadai
A7: 2 | B7: Sosialisasi antikorupsi | C7: AE | D7: =COUNTA(Table1[Apakah Anda pernah mengetahui adanya sosialisasi antikorupsi di Desa Mertasari?]) -> 255 | E7: =(COUNTIF(Table1[Apakah Anda pernah mengetahui adanya sosialisasi antikorupsi di Desa Mertasari?],"Tidak Pernah")*1+COUNTIF(Table1[Apakah Anda pernah mengetahui adanya sosialisasi antikorupsi di Desa Mertasari?],"Jarang")*2+COUNTIF(Table1[Apakah Anda pernah mengetahui adanya sosialisasi antikorupsi di Desa Mertasari?],"Sering")*3+COUNTIF(Table1[Apakah Anda pernah mengetahui adanya sosialisasi antikorupsi di Desa Mertasari?],"Sangat Sering")*4)/COUNTA(Table1[Apakah Anda pernah mengetahui adanya sosialisasi antikorupsi di Desa Mertasari?]) -> 2.9803922 | F7: =E7*25 -> 74.509804 | G7: =IF(F7<65,"Tidak Baik",IF(F7<=76.6,"Kurang Baik",IF(F7<=88.3,"Baik","Sangat Baik"))) -> Kurang Baik | H7: =_xlfn.RANK.EQ(F7,$F$6:$F$17,1) -> 9 | I7: =IF(H7<=3,"Prioritas",IF(F7<76.61,"Perlu diperkuat","Pertahankan")) -> Perlu diperkuat | J7: =IF(F7<65,"Kritis",IF(F7<76.61,"Belum merata","Memadai")) -> Belum merata
A8: 3 | B8: Kesediaan menjadi teladan 9 nilai | C8: AF | D8: =COUNTA(Table1[Apakah Anda bersedia memberikan contoh dalam mengimplementasikan 9 nilai antikorupsi dalam kehidupan sehari-hari?]) -> 255 | E8: =(COUNTIF(Table1[Apakah Anda bersedia memberikan contoh dalam mengimplementasikan 9 nilai antikorupsi dalam kehidupan sehari-hari?],"Tidak Bersedia")*1+COUNTIF(Table1[Apakah Anda bersedia memberikan contoh dalam mengimplementasikan 9 nilai antikorupsi dalam kehidupan sehari-hari?],"Ragu-Ragu")*2+COUNTIF(Table1[Apakah Anda bersedia memberikan contoh dalam mengimplementasikan 9 nilai antikorupsi dalam kehidupan sehari-hari?],"Bersedia")*3+COUNTIF(Table1[Apakah Anda bersedia memberikan contoh dalam mengimplementasikan 9 nilai antikorupsi dalam kehidupan sehari-hari?],"Sangat Bersedia")*4)/COUNTA(Table1[Apakah Anda bersedia memberikan contoh dalam mengimplementasikan 9 nilai antikorupsi dalam kehidupan sehari-hari?]) -> 2.9215686 | F8: =E8*25 -> 73.039216 | G8: =IF(F8<65,"Tidak Baik",IF(F8<=76.6,"Kurang Baik",IF(F8<=88.3,"Baik","Sangat Baik"))) -> Kurang Baik | H8: =_xlfn.RANK.EQ(F8,$F$6:$F$17,1) -> 8 | I8: =IF(H8<=3,"Prioritas",IF(F8<76.61,"Perlu diperkuat","Pertahankan")) -> Perlu diperkuat | J8: =IF(F8<65,"Kritis",IF(F8<76.61,"Belum merata","Memadai")) -> Belum merata
A9: 4 | B9: Budaya lokal pencegahan korupsi | C9: AG | D9: =COUNTA(Table1[Apakah Anda mengetahui adanya adat istiadat / budaya yang mendorong upaya pencegahan korupsi di Desa Mertasari?]) -> 255 | E9: =(COUNTIF(Table1[Apakah Anda mengetahui adanya adat istiadat / budaya yang mendorong upaya pencegahan korupsi di Desa Mertasari?],"Tidak Tahu")*1+COUNTIF(Table1[Apakah Anda mengetahui adanya adat istiadat / budaya yang mendorong upaya pencegahan korupsi di Desa Mertasari?],"Kurang Tahu")*2+COUNTIF(Table1[Apakah Anda mengetahui adanya adat istiadat / budaya yang mendorong upaya pencegahan korupsi di Desa Mertasari?],"Tahu")*3+COUNTIF(Table1[Apakah Anda mengetahui adanya adat istiadat / budaya yang mendorong upaya pencegahan korupsi di Desa Mertasari?],"Sangat Tahu")*4)/COUNTA(Table1[Apakah Anda mengetahui adanya adat istiadat / budaya yang mendorong upaya pencegahan korupsi di Desa Mertasari?]) -> 2.8627451 | F9: =E9*25 -> 71.568627 | G9: =IF(F9<65,"Tidak Baik",IF(F9<=76.6,"Kurang Baik",IF(F9<=88.3,"Baik","Sangat Baik"))) -> Kurang Baik | H9: =_xlfn.RANK.EQ(F9,$F$6:$F$17,1) -> 4 | I9: =IF(H9<=3,"Prioritas",IF(F9<76.61,"Perlu diperkuat","Pertahankan")) -> Perlu diperkuat | J9: =IF(F9<65,"Kritis",IF(F9<76.61,"Belum merata","Memadai")) -> Belum merata
A10: 5 | B10: Peran tokoh masyarakat | C10: AH | D10: =COUNTA(Table1[Apakah Anda mengetahui peran Tokoh masyarakat, tokoh agama, tokoh adat, tokoh pemuda dan kaum perempuan dalam mendorong upaya pencegahan korupsi di Desa Mertasari?]) -> 255 | E10: =(COUNTIF(Table1[Apakah Anda mengetahui peran Tokoh masyarakat, tokoh agama, tokoh adat, tokoh pemuda dan kaum perempuan dalam mendorong upaya pencegahan korupsi di Desa Mertasari?],"Tidak Tahu")*1+COUNTIF(Table1[Apakah Anda mengetahui peran Tokoh masyarakat, tokoh agama, tokoh adat, tokoh pemuda dan kaum perempuan dalam mendorong upaya pencegahan korupsi di Desa Mertasari?],"Kurang Tahu")*2+COUNTIF(Table1[Apakah Anda mengetahui peran Tokoh masyarakat, tokoh agama, tokoh adat, tokoh pemuda dan kaum perempuan dalam mendorong upaya pencegahan korupsi di Desa Mertasari?],"Tahu")*3+COUNTIF(Table1[Apakah Anda mengetahui peran Tokoh masyarakat, tokoh agama, tokoh adat, tokoh pemuda dan kaum perempuan dalam mendorong upaya pencegahan korupsi di Desa Mertasari?],"Sangat Tahu")*4)/COUNTA(Table1[Apakah Anda mengetahui peran Tokoh masyarakat, tokoh agama, tokoh adat, tokoh pemuda dan kaum perempuan dalam mendorong upaya pencegahan korupsi di Desa Mertasari?]) -> 2.8862745 | F10: =E10*25 -> 72.156863 | G10: =IF(F10<65,"Tidak Baik",IF(F10<=76.6,"Kurang Baik",IF(F10<=88.3,"Baik","Sangat Baik"))) -> Kurang Baik | H10: =_xlfn.RANK.EQ(F10,$F$6:$F$17,1) -> 5 | I10: =IF(H10<=3,"Prioritas",IF(F10<76.61,"Perlu diperkuat","Pertahankan")) -> Perlu diperkuat | J10: =IF(F10<65,"Kritis",IF(F10<76.61,"Belum merata","Memadai")) -> Belum merata
A11: 6 | B11: Pengetahuan maklumat pelayanan | C11: AI | D11: =COUNTA(Table1[Apakah Anda mengetahui adanya Maklumat Pelayanan di Kantor Desa Mertasari?]) -> 255 | E11: =(COUNTIF(Table1[Apakah Anda mengetahui adanya Maklumat Pelayanan di Kantor Desa Mertasari?],"Tidak Tahu")*1+COUNTIF(Table1[Apakah Anda mengetahui adanya Maklumat Pelayanan di Kantor Desa Mertasari?],"Kurang Tahu")*2+COUNTIF(Table1[Apakah Anda mengetahui adanya Maklumat Pelayanan di Kantor Desa Mertasari?],"Tahu")*3+COUNTIF(Table1[Apakah Anda mengetahui adanya Maklumat Pelayanan di Kantor Desa Mertasari?],"Sangat Tahu")*4)/COUNTA(Table1[Apakah Anda mengetahui adanya Maklumat Pelayanan di Kantor Desa Mertasari?]) -> 2.8901961 | F11: =E11*25 -> 72.254902 | G11: =IF(F11<65,"Tidak Baik",IF(F11<=76.6,"Kurang Baik",IF(F11<=88.3,"Baik","Sangat Baik"))) -> Kurang Baik | H11: =_xlfn.RANK.EQ(F11,$F$6:$F$17,1) -> 7 | I11: =IF(H11<=3,"Prioritas",IF(F11<76.61,"Perlu diperkuat","Pertahankan")) -> Perlu diperkuat | J11: =IF(F11<65,"Kritis",IF(F11<76.61,"Belum merata","Memadai")) -> Belum merata
A12: 7 | B12: Dukungan terhadap maklumat | C12: AJ | D12: =COUNTA(Table1[Apakah Anda sepakat dengan kalimat "Dengan ini, kami menyatakan sanggup menyelenggarakan pelayanan dengan sebaik-baiknya sesuai standar pelayanan yang telah ditetapkan, serta melakukan upaya perba...]) -> 255 | E12: =(COUNTIF(Table1[Apakah Anda sepakat dengan kalimat "Dengan ini, kami menyatakan sanggup menyelenggarakan pelayanan dengan sebaik-baiknya sesuai standar pelayanan yang telah ditetapkan, serta melakukan upaya perba...],"Kurang Setuju")*2+COUNTIF(Table1[Apakah Anda sepakat dengan kalimat "Dengan ini, kami menyatakan sanggup menyelenggarakan pelayanan dengan sebaik-baiknya sesuai standar pelayanan yang telah ditetapkan, serta melakukan upaya perba...],"Setuju")*3+COUNTIF(Table1[Apakah Anda sepakat dengan kalimat "Dengan ini, kami menyatakan sanggup menyelenggarakan pelayanan dengan sebaik-baiknya sesuai standar pelayanan yang telah ditetapkan, serta melakukan upaya perba...],"Sangat Setuju")*4)/COUNTA(Table1[Apakah Anda sepakat dengan kalimat "Dengan ini, kami menyatakan sanggup menyelenggarakan pelayanan dengan sebaik-baiknya sesuai standar pelayanan yang telah ditetapkan, serta melakukan upaya perba...]) -> 3.3764706 | F12: =E12*25 -> 84.411765 | G12: =IF(F12<65,"Tidak Baik",IF(F12<=76.6,"Kurang Baik",IF(F12<=88.3,"Baik","Sangat Baik"))) -> Baik | H12: =_xlfn.RANK.EQ(F12,$F$6:$F$17,1) -> 11 | I12: =IF(H12<=3,"Prioritas",IF(F12<76.61,"Perlu diperkuat","Pertahankan")) -> Pertahankan | J12: =IF(F12<65,"Kritis",IF(F12<76.61,"Belum merata","Memadai")) -> Memadai
A13: 8 | B13: Pengetahuan standar/SOP | C13: AK | D13: =COUNTA(Table1[Apakah Anda mengetahui adanya Standar Pelayanan / SOP Pelayanan di Kantor Desa Mertasari?]) -> 255 | E13: =(COUNTIF(Table1[Apakah Anda mengetahui adanya Standar Pelayanan / SOP Pelayanan di Kantor Desa Mertasari?],"Tidak Tahu")*1+COUNTIF(Table1[Apakah Anda mengetahui adanya Standar Pelayanan / SOP Pelayanan di Kantor Desa Mertasari?],"Kurang Tahu")*2+COUNTIF(Table1[Apakah Anda mengetahui adanya Standar Pelayanan / SOP Pelayanan di Kantor Desa Mertasari?],"Tahu")*3+COUNTIF(Table1[Apakah Anda mengetahui adanya Standar Pelayanan / SOP Pelayanan di Kantor Desa Mertasari?],"Sangat Tahu")*4)/COUNTA(Table1[Apakah Anda mengetahui adanya Standar Pelayanan / SOP Pelayanan di Kantor Desa Mertasari?]) -> 2.8862745 | F13: =E13*25 -> 72.156863 | G13: =IF(F13<65,"Tidak Baik",IF(F13<=76.6,"Kurang Baik",IF(F13<=88.3,"Baik","Sangat Baik"))) -> Kurang Baik | H13: =_xlfn.RANK.EQ(F13,$F$6:$F$17,1) -> 5 | I13: =IF(H13<=3,"Prioritas",IF(F13<76.61,"Perlu diperkuat","Pertahankan")) -> Perlu diperkuat | J13: =IF(F13<65,"Kritis",IF(F13<76.61,"Belum merata","Memadai")) -> Belum merata
A14: 9 | B14: Akses informasi SPM | C14: AM | D14: =COUNTA(Table1[Menurut Anda, apakah informasi mengenai Standar Pelayanan Minimal (kesehatan, pendidikan, sosial, lingkungan, kependudukan, keuangan dan pelayanan lainnya) telah tersedia dan dapat diakes?]) -> 255 | E14: =(COUNTIF(Table1[Menurut Anda, apakah informasi mengenai Standar Pelayanan Minimal (kesehatan, pendidikan, sosial, lingkungan, kependudukan, keuangan dan pelayanan lainnya) telah tersedia dan dapat diakes?],"Tidak Tahu")*1+COUNTIF(Table1[Menurut Anda, apakah informasi mengenai Standar Pelayanan Minimal (kesehatan, pendidikan, sosial, lingkungan, kependudukan, keuangan dan pelayanan lainnya) telah tersedia dan dapat diakes?],"Tidak Tersedia")*1+COUNTIF(Table1[Menurut Anda, apakah informasi mengenai Standar Pelayanan Minimal (kesehatan, pendidikan, sosial, lingkungan, kependudukan, keuangan dan pelayanan lainnya) telah tersedia dan dapat diakes?],"Tersedia tapi tidak dapat diakses")*2+COUNTIF(Table1[Menurut Anda, apakah informasi mengenai Standar Pelayanan Minimal (kesehatan, pendidikan, sosial, lingkungan, kependudukan, keuangan dan pelayanan lainnya) telah tersedia dan dapat diakes?],"Tersedia dan dapat diakses")*4)/COUNTA(Table1[Menurut Anda, apakah informasi mengenai Standar Pelayanan Minimal (kesehatan, pendidikan, sosial, lingkungan, kependudukan, keuangan dan pelayanan lainnya) telah tersedia dan dapat diakes?]) -> 3.3333333 | F14: =E14*25 -> 83.333333 | G14: =IF(F14<65,"Tidak Baik",IF(F14<=76.6,"Kurang Baik",IF(F14<=88.3,"Baik","Sangat Baik"))) -> Baik | H14: =_xlfn.RANK.EQ(F14,$F$6:$F$17,1) -> 10 | I14: =IF(H14<=3,"Prioritas",IF(F14<76.61,"Perlu diperkuat","Pertahankan")) -> Pertahankan | J14: =IF(F14<65,"Kritis",IF(F14<76.61,"Belum merata","Memadai")) -> Memadai
A15: 10 | B15: Pengetahuan APBDes | C15: AO | D15: =COUNTA(Table1[Apakah Anda mengetahui informasi tentang Anggaran Pendapatan dan Belanja Desa Mertasari?]) -> 255 | E15: =(COUNTIF(Table1[Apakah Anda mengetahui informasi tentang Anggaran Pendapatan dan Belanja Desa Mertasari?],"Tidak Tahu")*1+COUNTIF(Table1[Apakah Anda mengetahui informasi tentang Anggaran Pendapatan dan Belanja Desa Mertasari?],"Kurang Tahu")*2+COUNTIF(Table1[Apakah Anda mengetahui informasi tentang Anggaran Pendapatan dan Belanja Desa Mertasari?],"Tahu")*3+COUNTIF(Table1[Apakah Anda mengetahui informasi tentang Anggaran Pendapatan dan Belanja Desa Mertasari?],"Sangat Tahu")*4)/COUNTA(Table1[Apakah Anda mengetahui informasi tentang Anggaran Pendapatan dan Belanja Desa Mertasari?]) -> 2.7098039 | F15: =E15*25 -> 67.745098 | G15: =IF(F15<65,"Tidak Baik",IF(F15<=76.6,"Kurang Baik",IF(F15<=88.3,"Baik","Sangat Baik"))) -> Kurang Baik | H15: =_xlfn.RANK.EQ(F15,$F$6:$F$17,1) -> 2 | I15: =IF(H15<=3,"Prioritas",IF(F15<76.61,"Perlu diperkuat","Pertahankan")) -> Prioritas | J15: =IF(F15<65,"Kritis",IF(F15<76.61,"Belum merata","Memadai")) -> Belum merata
A16: 11 | B16: Partisipasi RKP Desa | C16: AP | D16: =COUNTA(Table1[Apakah Anda terlibat dan berpartisipasi dalam penyusunan Rencana Kerja Pemerintah (RKP) Desa Mertasari?]) -> 255 | E16: =(COUNTIF(Table1[Apakah Anda terlibat dan berpartisipasi dalam penyusunan Rencana Kerja Pemerintah (RKP) Desa Mertasari?],"Tidak Ikut")*1+COUNTIF(Table1[Apakah Anda terlibat dan berpartisipasi dalam penyusunan Rencana Kerja Pemerintah (RKP) Desa Mertasari?],"Kadang-Kadang")*2+COUNTIF(Table1[Apakah Anda terlibat dan berpartisipasi dalam penyusunan Rencana Kerja Pemerintah (RKP) Desa Mertasari?],"Ikut berpartisipasi")*3+COUNTIF(Table1[Apakah Anda terlibat dan berpartisipasi dalam penyusunan Rencana Kerja Pemerintah (RKP) Desa Mertasari?],"Ikut terlibat dan berpartisipasi")*4)/COUNTA(Table1[Apakah Anda terlibat dan berpartisipasi dalam penyusunan Rencana Kerja Pemerintah (RKP) Desa Mertasari?]) -> 2.1019608 | F16: =E16*25 -> 52.54902 | G16: =IF(F16<65,"Tidak Baik",IF(F16<=76.6,"Kurang Baik",IF(F16<=88.3,"Baik","Sangat Baik"))) -> Tidak Baik | H16: =_xlfn.RANK.EQ(F16,$F$6:$F$17,1) -> 1 | I16: =IF(H16<=3,"Prioritas",IF(F16<76.61,"Perlu diperkuat","Pertahankan")) -> Prioritas | J16: =IF(F16<65,"Kritis",IF(F16<76.61,"Belum merata","Memadai")) -> Kritis
A17: 12 | B17: Pengetahuan keterlibatan pembangunan | C17: AQ | D17: =COUNTA(Table1[Apakah Anda mengetahui keterlibatan lembaga desa dan masyarakat dalam kegiatan pembangunan di Desa Mertasari?]) -> 255 | E17: =(COUNTIF(Table1[Apakah Anda mengetahui keterlibatan lembaga desa dan masyarakat dalam kegiatan pembangunan di Desa Mertasari?],"Tidak Tahu")*1+COUNTIF(Table1[Apakah Anda mengetahui keterlibatan lembaga desa dan masyarakat dalam kegiatan pembangunan di Desa Mertasari?],"Kurang Tahu")*2+COUNTIF(Table1[Apakah Anda mengetahui keterlibatan lembaga desa dan masyarakat dalam kegiatan pembangunan di Desa Mertasari?],"Tahu")*3+COUNTIF(Table1[Apakah Anda mengetahui keterlibatan lembaga desa dan masyarakat dalam kegiatan pembangunan di Desa Mertasari?],"Sangat Tahu")*4)/COUNTA(Table1[Apakah Anda mengetahui keterlibatan lembaga desa dan masyarakat dalam kegiatan pembangunan di Desa Mertasari?]) -> 2.7647059 | F17: =E17*25 -> 69.117647 | G17: =IF(F17<65,"Tidak Baik",IF(F17<=76.6,"Kurang Baik",IF(F17<=88.3,"Baik","Sangat Baik"))) -> Kurang Baik | H17: =_xlfn.RANK.EQ(F17,$F$6:$F$17,1) -> 3 | I17: =IF(H17<=3,"Prioritas",IF(F17<76.61,"Perlu diperkuat","Pertahankan")) -> Prioritas | J17: =IF(F17<65,"Kritis",IF(F17<76.61,"Belum merata","Memadai")) -> Belum merata
B20: INDEKS PEMAHAMAN UMUM | F20: =AVERAGE(E6:E17)*25 -> 73.74183 | G20: Indeks diagnostik untuk penentuan program
A22: KANAL INFORMASI DAN PENGADUAN
A23: Sumber informasi SPM | B23: Jumlah | D23: Media pengaduan | E23: Jumlah
A24: Papan pengumuman | B24: =COUNTIF(Table1[Darimanakah anda memperoleh informasi mengenai Standar Pelayanan Minimal (kesehatan, pendidikan, sosial, lingkungan, kependudukan, keuangan dan pelayanan lainnya)?],"Papan Pengumuman (Kantor Desa, Poskampling, Rumah Ketua RT dan tempat strategis lainnya)") -> 107 | D24: WA/SMS | E24: =COUNTIF(Table1[Media Pengaduan Masyarakat apa yang sering Anda gunakan untuk menyampaikan pengaduan kepada Pemerintah Desa Mertasari?],"WA/SMS") -> 110
A25: Papan + media sosial | B25: =COUNTIF(Table1[Darimanakah anda memperoleh informasi mengenai Standar Pelayanan Minimal (kesehatan, pendidikan, sosial, lingkungan, kependudukan, keuangan dan pelayanan lainnya)?],"Papan Pengumuman dan Media Sosial") -> 77 | D25: Kotak pengaduan | E25: =COUNTIF(Table1[Media Pengaduan Masyarakat apa yang sering Anda gunakan untuk menyampaikan pengaduan kepada Pemerintah Desa Mertasari?],"Kotak Pengaduan") -> 99
A26: Website/media sosial | B26: =COUNTIF(Table1[Darimanakah anda memperoleh informasi mengenai Standar Pelayanan Minimal (kesehatan, pendidikan, sosial, lingkungan, kependudukan, keuangan dan pelayanan lainnya)?],"Website Desa / Media Sosial") -> 55 | D26: Website/media sosial | E26: =COUNTIF(Table1[Media Pengaduan Masyarakat apa yang sering Anda gunakan untuk menyampaikan pengaduan kepada Pemerintah Desa Mertasari?],"Website/Media Sosial") -> 31
A27: Tidak tahu | B27: =COUNTIF(Table1[Darimanakah anda memperoleh informasi mengenai Standar Pelayanan Minimal (kesehatan, pendidikan, sosial, lingkungan, kependudukan, keuangan dan pelayanan lainnya)?],"Tidak Tahu") -> 16 | D27: Tidak tahu | E27: =COUNTIF(Table1[Media Pengaduan Masyarakat apa yang sering Anda gunakan untuk menyampaikan pengaduan kepada Pemerintah Desa Mertasari?],"Tidak Tahu") -> 15
A49: PENJELASAN HASIL
A50: Gambaran umum | B50: Indeks 73,74 menunjukkan pemahaman dan partisipasi belum merata. Warga menilai integritas perangkat sangat baik, tetapi pengetahuan tata kelola dan keterlibatan dalam perencanaan masih lebih lemah.
A51: Partisipasi RKP Desa | B51: Nilai 52,55 adalah titik paling kritis: 103 responden tidak ikut dan 45 hanya kadang-kadang. Pemerintah desa perlu mengubah partisipasi dari sekadar undangan menjadi proses yang mudah diakses dan menghasilkan umpan balik.
A52: Pengetahuan APBDes | B52: Nilai 67,75 menunjukkan 71 responden tidak tahu atau kurang tahu. Anggaran perlu diterjemahkan ke informasi sederhana: sumber dana, program utama, nilai belanja, progres, dan manfaat.
A53: Keterlibatan pembangunan | B53: Nilai 69,12 menunjukkan peran lembaga dan warga belum terlihat jelas. Informasi harus menjawab siapa melakukan apa, kapan, hasilnya, dan bagaimana warga mengawasi.
A54: SOP dan maklumat | B54: Dukungan terhadap maklumat tinggi, tetapi pengetahuan dokumen dan SOP sekitar 72. Komitmen pelayanan diterima, namun standar belum cukup terlihat dan dipahami.
A55: Kanal informasi | B55: Papan pengumuman merupakan sumber terbesar. Strategi harus menggabungkan papan, RT/RW, WA, media sosial, dan pertemuan langsung agar menjangkau warga dengan akses digital berbeda.
A56: Kanal pengaduan | B56: WA/SMS dan kotak pengaduan merupakan kanal utama. Keduanya perlu masuk ke satu register dan menggunakan standar respons yang sama.
A57: Implikasi | B57: Komunikasi publik harus menjadi bagian dari proses layanan dan pembangunan, bukan kegiatan tambahan setelah keputusan dibuat.
A59: REKOMENDASI YANG DAPAT DILAKSANAKAN
A60: Dalam 30 hari, tetapkan kalender publikasi dan penanggung jawab informasi. Dalam 90 hari, pasang infografik APBDes, alur SOP, maklumat, dan progres pembangunan di papan serta kanal digital. Untuk siklus RKP berikutnya, sebar undangan minimal H-7, sediakan usulan luring dan daring, catat keterwakilan peserta, dan publikasikan status setiap usulan beserta alasannya. Keberhasilan diukur melalui bukti publikasi, jumlah/komposisi peserta, 100% usulan memiliki status, pengetahuan APBDes minimal 80%, serta partisipasi aktif minimal 60% dari undangan.
A67: ANALISIS RESPONDEN DENGAN SKOR PEMAHAMAN RENDAH
A68: Skor rendah berarti sedikitnya satu jawaban bernilai 1 atau 2 pada 12 indikator. Terdapat 185 responden (72,5%), terutama karena 148 orang tidak ikut atau hanya kadang-kadang dalam RKP Desa. Agar tidak terlalu luas, sasaran intervensi intensif adalah 55 responden (21,6%) dengan rata-rata pemahaman di bawah 2,60. Definisi ini digunakan untuk prioritas program, bukan untuk memberi label kepada individu.
A73: Indikator | B73: Skor rendah | C73: Persentase | D73: Makna operasional
A74: Partisipasi RKP | B74: 148 | C74: 0.5804 | D74: Perlu perbaikan akses, jadwal, representasi, dan umpan balik.
A75: Pengetahuan APBDes | B75: 71 | C75: 0.2784 | D75: Perlu infografik dan penjelasan berkala.
A76: Akses informasi SPM | B76: 66 | C76: 0.2588 | D76: Perlu informasi multi-kanal yang mudah ditemukan.
A77: Keterlibatan pembangunan | B77: 59 | C77: 0.2314 | D77: Perlu publikasi peran, progres, dan kanal pengawasan.
A78: Budaya pencegahan korupsi | B78: 57 | C78: 0.2235 | D78: Perlu menghubungkan nilai lokal dengan contoh perilaku.
A79: Sosialisasi antikorupsi | B79: 55 | C79: 0.2157 | D79: Perlu jadwal dan sasaran sosialisasi yang jelas.
A80: Maklumat pelayanan | B80: 51 | C80: 0.2 | D80: Perlu ditempatkan dan dijelaskan pada titik layanan.
A81: Pengetahuan SOP | B81: 50 | C81: 0.1961 | D81: Perlu alur satu halaman dan bantuan petugas.
A82: Kesediaan menjadi teladan | B82: 47 | C82: 0.1843 | D82: Perlu contoh praktik sederhana dan ajakan konkret.
A83: Peran tokoh masyarakat | B83: 47 | C83: 0.1843 | D83: Perlu pembagian peran dan kegiatan yang terlihat.
A84: Integritas perangkat | B84: 12 | C84: 0.0471 | D84: Perlu tindak lanjut kualitatif tanpa generalisasi.
A85: Dukungan maklumat | B85: 11 | C85: 0.0431 | D85: Dukungan kuat; pertahankan dan terjemahkan ke praktik.
A87: KETERKAITAN DAN SEGMENTASI TINDAK LANJUT
A88: Hubungan dengan layanan | B88: 56 dari 59 responden dengan skor layanan rendah juga memiliki skor pemahaman rendah. Penyederhanaan prosedur harus berjalan bersama dengan komunikasi persyaratan dan pendampingan.
A89: Kelompok intensif | B89: Kelompok rata-rata pemahaman <2,60 memiliki IKM layanan 78,79 dan rekomendasi 7,76. Kelompok ini menjadi prioritas wawancara dan pendampingan, bukan objek pelabelan.
A90: Usia muda | B90: Kelompok <17 tahun sangat kecil, tetapi 10 dari 11 memiliki minimal satu skor rendah. Gunakan materi visual, kanal digital, dan keterlibatan organisasi pemuda.
A91: Usia lanjut | B91: Warga >55 tetap memerlukan papan, pertemuan langsung, serta bantuan membaca alur dan dokumen; jangan hanya mengandalkan media sosial.
A92: Literasi | B92: Responden pendidikan rendah lebih sering masuk kelompok sangat rendah. Gunakan kalimat pendek, simbol, contoh formulir, dan petugas pendamping.
A93: Pekerjaan dan waktu | B93: Petani dan pekerja informal memerlukan jadwal forum yang tidak bertepatan dengan jam kerja utama serta opsi penyampaian usulan tanpa hadir.
A94: Titik layanan strategis | B94: Layanan kelahiran, kematian, pindah, dan bantuan sosial dapat menjadi momen pemberian paket informasi singkat tentang SOP, APBDes, RKP, dan pengaduan.
A95: Kanal | B95: Gabungkan papan, RT/RW, WA, media sosial, dan tatap muka; setiap informasi penting harus tersedia melalui minimal satu kanal luring dan satu kanal daring.
A96: Pengukuran | B96: Gunakan kuis singkat setelah sosialisasi, daftar hadir tersegmentasi, serta survei ulang dengan pertanyaan yang sama untuk mengukur perubahan.
A98: TARGET 12 BULAN
A99: Target yang disarankan: partisipasi aktif RKP minimal 60% dari undangan dengan keterwakilan perempuan, pemuda, dan kelompok rentan; minimal 80% responden mengetahui APBDes; 100% usulan warga memiliki status dan alasan; seluruh informasi prioritas tersedia melalui kanal luring dan daring; serta kelompok pemahaman sangat rendah turun sekurang-kurangnya 30%. Target ditinjau triwulanan menggunakan bukti publikasi, daftar hadir, matriks usulan, log pertanyaan, dan survei singkat.

Sheet Rencana Aksi
A1: RENCANA AKSI TINDAK LANJUT
A2: Prioritas dari nilai terendah; horizon sesuai pedoman
A4: MATRIKS TINDAK LANJUT
A5: No | B5: Prioritas/Dasar | C5: Nilai Awal | D5: Tujuan | E5: Rangkaian Kegiatan | F5: Waktu | G5: Penanggung Jawab | H5: Keluaran/Bukti | I5: Target Keberhasilan | J5: Monitoring
A6: 1 | B6: Penanganan pengaduan | C6: ='SKM Layanan'!F14 -> 79.411765 | D6: Mewujudkan pengaduan yang mudah, tercatat, cepat, dan transparan. | E6: 1) Tetapkan WA/SMS resmi dan pengelola; 2) satukan WA, kotak, dan media sosial dalam register; 3) beri nomor tiket; 4) tetapkan respons awal maksimal 1 hari kerja dan target penyelesaian menurut jenis aduan; 5) publikasikan rekap bulanan anonim. | F6: Sep–Nov 2026 | G6: Sekdes; Kasi Pelayanan | H6: SK kanal; SOP; register; tiket; laporan bulanan | I6: 100% aduan tercatat; ≥90% respons awal ≤1 hari kerja; ≥90% selesai sesuai SLA | J6: Cek register mingguan; evaluasi bulanan
A7: 2 | B7: Waktu penyelesaian | C7: ='SKM Layanan'!F8 -> 80.294118 | D7: Memberikan kepastian waktu dan mengurangi keterlambatan. | E7: 1) Petakan waktu aktual tiap jenis surat; 2) tetapkan standar waktu; 3) catat waktu masuk–selesai; 4) tampilkan estimasi kepada pemohon; 5) bahas semua kasus melewati target setiap minggu. | F7: Sep–Des 2026 | G7: Kasi Pelayanan; operator | H7: Daftar standar waktu; log layanan; rekap keterlambatan | I7: ≥90% layanan selesai sesuai standar; rata-rata waktu turun ≥15% | J7: Rekap mingguan; tinjauan triwulanan
A8: 3 | B8: Kesesuaian produk | C8: ='SKM Layanan'!F10 -> 80.490196 | D8: Mencegah kesalahan dan pengulangan dokumen. | E8: 1) Buat checklist per jenis layanan; 2) verifikasi data pemohon; 3) pemeriksaan akhir oleh petugas kedua untuk dokumen berisiko; 4) catat koreksi dan penyebab; 5) perbaiki format yang sering salah. | F8: Sep–Des 2026 | G8: Kasi Pelayanan; petugas loket | H8: Checklist; log koreksi; format standar | I8: Dokumen dikoreksi setelah penyerahan <2%; 100% memakai checklist | J8: Audit sampel 20 dokumen/bulan
A9: 4 | B9: Partisipasi RKP Desa | C9: =Pemahaman!F16 -> 52.54902 | D9: Meningkatkan keterlibatan warga yang nyata dan representatif. | E9: 1) Susun kalender forum; 2) undangan multi-kanal H-7; 3) forum dusun/kelompok pada waktu yang terjangkau; 4) sediakan usulan luring/daring; 5) dokumentasikan peserta dan usulan; 6) berikan status dan alasan atas setiap usulan. | F9: Okt 2026–Mar 2027 | G9: Kaur Perencanaan; BPD; kepala dusun | H9: Kalender; daftar hadir; daftar usulan; matriks tanggapan | I9: Kehadiran ≥60% undangan; keterwakilan perempuan/pemuda/kelompok rentan; 100% usulan diberi status | J9: Laporan setiap forum; evaluasi akhir siklus RKP
A10: 5 | B10: Pengetahuan APBDes | C10: =Pemahaman!F15 -> 67.745098 | D10: Membuat anggaran desa mudah diketahui dan dipahami. | E10: 1) Infografik pendapatan, belanja, program utama, progres, dan realisasi; 2) pasang di papan strategis; 3) sebarkan melalui WA/media sosial; 4) sesi tanya jawab triwulanan; 5) sediakan kontak pertanyaan. | F10: Okt 2026–Jun 2027 | G10: Kaur Keuangan; Sekdes | H10: Infografik; bukti publikasi; notulen tanya jawab | I10: ≥80% responden minimal tahu APBDes; publikasi diperbarui tiap triwulan | J10: Cek publikasi bulanan; survei singkat semesteran
A11: 6 | B11: SOP, maklumat, dan pembangunan | C11: =Pemahaman!F17 -> 69.117647 | D11: Memperjelas standar pelayanan dan peran masyarakat. | E11: 1) Ringkas SOP dalam alur satu halaman; 2) pasang maklumat dan standar waktu/tarif; 3) jelaskan peran lembaga desa; 4) publikasikan progres pembangunan; 5) sediakan QR/kontak untuk dokumen lengkap. | F11: Nov 2026–Jun 2027 | G11: Sekdes; Kasi Pelayanan; Kaur Perencanaan | H11: Poster SOP; maklumat; dashboard progres | I11: ≥80% warga mengetahui SOP dan peran masyarakat; informasi diperbarui bulanan | J11: Observasi papan; survei pengetahuan semesteran
A12: 7 | B12: Integritas dan perilaku berisiko | C12: =Antikorupsi!F6 -> 77.352941 | D12: Mengurangi toleransi terhadap konflik kepentingan dan penyalahgunaan aset. | E12: 1) Pelatihan kasus nyata; 2) pakta integritas; 3) aturan penggunaan aset; 4) deklarasi konflik kepentingan; 5) kanal konsultasi/pelaporan aman; 6) sosialisasi untuk RT/RW dan tokoh masyarakat. | F12: Jan–Des 2027 | G12: Kepala Desa; Sekdes; Inspektorat | H12: Materi; daftar hadir; pakta; log aset; deklarasi | I12: 100% aparatur mengikuti pelatihan dan menandatangani pakta; tiga indikator terendah ≥85 | J12: Audit kepatuhan semesteran; survei ulang tahunan
A13: 8 | B13: Keberlanjutan SKM | C13: ='SKM Layanan'!F17 -> 83.017429 | D13: Menjadikan survei sebagai siklus perbaikan, bukan kegiatan sekali selesai. | E13: 1) Tetapkan Tim SKM; 2) publikasi hasil, metode, dan RTL; 3) rapat capaian triwulanan; 4) dokumentasikan bukti; 5) SKM ulang minimal tahunan; 6) bandingkan tren dan revisi prioritas. | F13: Mulai Sep 2026; berkelanjutan | G13: Kepala Desa; Tim SKM | H13: SK Tim; laporan triwulan; publikasi; laporan SKM tahunan | I13: 100% aksi memiliki bukti dan status; SKM minimal tahunan; nilai prioritas meningkat | J13: Dashboard bulanan; evaluasi pimpinan triwulanan
A15: URUTAN PELAKSANAAN KEGIATAN
A16: Tahap | B16: Fokus | C16: Kegiatan Kunci | D16: Keluaran Wajib | E16: PIC Utama | F16: Pihak Pendukung | G16: Batas Waktu | H16: Ukuran Selesai | I16: Keputusan Tahap | J16: Catatan
A17: 0–30 hari | B17: Fondasi dan penetapan tanggung jawab | C17: Tetapkan Tim/PIC; sahkan SOP pengaduan dan standar kerja awal; siapkan register, checklist, serta log waktu. | D17: SK/penugasan; SOP; register; checklist; format log | E17: Sekdes | F17: Kasi Pelayanan; operator | G17: 46295 | H17: Seluruh dokumen disahkan dan dapat digunakan | I17: Lanjut uji coba jika dokumen lengkap | J17: Prioritas administratif
A18: 31–90 hari | B18: Uji coba layanan dan transparansi | C18: Operasikan kanal pengaduan; uji standar waktu; gunakan checklist; pasang tarif/SOP; terbitkan infografik APBDes. | D18: Register aktif; log waktu; bukti publikasi; laporan uji coba | E18: Kasi Pelayanan | F18: Kaur Keuangan; Tim SKM | G18: 31 Des 2026 | H18: ≥90% transaksi memakai instrumen; seluruh kanal aktif | I18: Revisi SOP jika target dua bulan berturut-turut tidak tercapai | J18: Tahap stabilisasi
A19: 4–12 bulan | B19: Perluasan partisipasi dan perbaikan berbasis data | C19: Laksanakan forum RKP inklusif; publikasikan status usulan; evaluasi data aduan, waktu, koreksi dokumen, dan jangkauan informasi. | D19: Daftar hadir; matriks usulan; laporan capaian; tindakan korektif | E19: Kaur Perencanaan | F19: BPD; kepala dusun; Tim SKM | G19: 31 Agu 2027 | H19: Target pada matriks aksi tercapai atau memiliki koreksi resmi | I19: Tambah sumber daya/ubah metode bila capaian <80% target | J19: Tahap penguatan
A20: >12 bulan | B20: Institusionalisasi dan survei ulang | C20: Integrasikan target ke rencana kerja; lakukan audit kepatuhan dan SKM ulang; bandingkan tren; tetapkan prioritas periode berikutnya. | D20: Rencana kerja; laporan audit; laporan SKM; RTL baru | E20: Kepala Desa | F20: Sekdes; Inspektorat; Tim SKM | G20: Tahunan | H20: SKM terbit; seluruh aksi memiliki status dan bukti | I20: Pertahankan, perluas, atau ganti program berdasarkan hasil | J20: Siklus berkelanjutan
A22: TATA KELOLA MONITORING DAN EVALUASI
A23: Frekuensi | B23: Pelaksana | C23: Data yang Diperiksa | D23: Bukti Minimum | E23: Forum Evaluasi | F23: Kriteria Hijau | G23: Kriteria Kuning | H23: Kriteria Merah | I23: Tindakan Korektif | J23: Penerima Laporan
A24: Mingguan | B24: Pengelola kanal/petugas layanan | C24: Aduan baru; SLA; waktu layanan; koreksi dokumen | D24: Register dan log transaksi | E24: Briefing layanan | F24: ≥90% sesuai target | G24: 75–89% sesuai target | H24: <75% atau ada kasus serius | I24: Analisis penyebab dan perbaikan maksimal 7 hari | J24: Sekdes
A25: Bulanan | B25: PIC setiap program | C25: Realisasi kegiatan; target; kendala; anggaran; bukti | D25: Laporan satu halaman dan lampiran bukti | E25: Rapat Tim SKM | F25: Kegiatan sesuai jadwal dan target | G25: Terlambat ≤30 hari/target hampir tercapai | H25: Terlambat >30 hari atau tanpa bukti | I25: Tetapkan PIC tambahan, revisi jadwal, atau ubah metode | J25: Kepala Desa
A26: Triwulanan | B26: Tim SKM dan pimpinan | C26: Seluruh indikator, keluhan berulang, partisipasi, publikasi | D26: Dashboard dan notulen keputusan | E26: Rapat evaluasi pimpinan/BPD | F26: ≥90% indikator hijau | G26: 60–89% indikator hijau | H26: <60% indikator hijau | I26: Keputusan tertulis tentang sumber daya dan tindakan koreksi | J26: BPD dan publik
A27: Tahunan | B27: Tim SKM/penilai yang ditunjuk | C27: SKM ulang; tren; capaian RTL; kepatuhan integritas | D27: Laporan SKM dan laporan realisasi RTL | E27: Forum pertanggungjawaban | F27: Nilai prioritas meningkat dan RTL selesai | G27: Nilai stagnan tetapi RTL berjalan | H27: Nilai turun/RTL tanpa realisasi | I27: Susun RTL baru dan evaluasi desain program | J27: Pimpinan dan masyarakat
A29: RISIKO PELAKSANAAN DAN MITIGASI
A30: Risiko | B30: Penyebab Utama | C30: Dampak | D30: Tanda Awal | E30: Pencegahan | F30: Mitigasi Saat Terjadi | G30: Pemilik Risiko | H30: Bukti Pengendalian | I30: Level | J30: Eskalasi
A31: Aduan tidak tercatat | B31: Kanal dikelola terpisah atau petugas tidak disiplin | C31: Aduan hilang dan kepercayaan menurun | D31: Jumlah aduan kanal tidak sama dengan register | E31: Satu register; nomor tiket; petugas pengganti | F31: Rekonsiliasi kanal; masukkan aduan tertinggal; hubungi pelapor | G31: Sekdes | H31: Register dan hasil rekonsiliasi | I31: Tinggi | J31: Kepala Desa bila ada aduan >3 hari tidak tercatat
A32: Standar waktu tidak realistis | B32: Target dibuat tanpa data aktual atau sumber daya terbatas | C32: Target sering gagal dan standar kehilangan kredibilitas | D32: Kepatuhan <75% selama dua minggu | E32: Uji waktu aktual satu bulan dan bedakan jenis layanan | F32: Revisi target disertai alasan; perbaiki alur/sumber daya | G32: Kasi Pelayanan | H32: Log waktu dan keputusan revisi | I32: Tinggi | J32: Rapat pimpinan bila gagal dua bulan
A33: Partisipasi hanya formalitas | B33: Undangan terlambat; waktu tidak sesuai; usulan tanpa umpan balik | C33: Warga enggan ikut pada periode berikutnya | D33: Peserta homogen atau banyak usulan tanpa status | E33: Undangan H-7; multi-kanal; target keterwakilan; matriks tanggapan | F33: Forum susulan; buka usulan luring/daring; publikasikan alasan | G33: Kaur Perencanaan/BPD | H33: Daftar hadir dan matriks usulan | I33: Tinggi | J33: Kepala Desa/BPD bila keterwakilan tidak terpenuhi
A34: Informasi tidak menjangkau warga | B34: Hanya memakai satu kanal atau bahasa terlalu teknis | C34: Pemahaman APBDes/SOP tetap rendah | D34: Pertanyaan berulang dan jangkauan publikasi rendah | E34: Minimal satu kanal luring dan daring; bahasa visual sederhana | F34: Publikasi ulang melalui RT/RW dan pertemuan langsung | G34: Sekdes/Kaur Keuangan | H34: Foto papan; statistik digital; daftar sosialisasi | I34: Sedang | J34: Tambah kanal jika jangkauan <80% target
A35: Bukti pelaksanaan tidak lengkap | B35: PIC fokus pada kegiatan tetapi tidak mendokumentasikan | C35: Capaian tidak dapat diverifikasi | D35: Laporan tanpa lampiran bukti | E35: Daftar bukti wajib dan folder bersama | F35: Lengkapi bukti maksimal 7 hari; verifikasi silang | G35: Tim SKM | H35: Daftar periksa bukti | I35: Sedang | J35: Status program menjadi merah bila bukti tetap tidak ada
A36: Program berhenti setelah survei | B36: Tidak masuk rencana kerja/anggaran dan pergantian petugas | C36: Perbaikan tidak berkelanjutan | D36: Rapat evaluasi terlewat dan status tidak diperbarui | E36: Masukkan target ke rencana kerja; PIC pengganti; kalender tetap | F36: Keputusan pimpinan; penyesuaian anggaran/jadwal | G36: Kepala Desa | H36: Rencana kerja dan notulen triwulan | I36: Tinggi | J36: Dilaporkan kepada BPD dan dipublikasikan
A38: ATURAN STATUS PELAKSANAAN
A39: Status | B39: Definisi | C39: Bukti Wajib | D39: Batas Pembaruan | E39: Siapa Memvalidasi | F39: Tindakan | G39: Status | H39: Definisi | I39: Bukti Wajib | J39: Tindakan
A40: Belum dimulai | B40: Belum ada aktivitas atau bukti | C40: Penugasan/rencana kerja | D40: Sebelum tanggal mulai | E40: Sekdes | F40: Tetapkan PIC dan tanggal mulai | G40: Berjalan | H40: Kegiatan sudah dimulai | I40: Bukti aktivitas dan capaian sementara | J40: Perbarui bulanan
A41: Tertunda | B41: Melewati jadwal atau ada hambatan utama | C41: Catatan hambatan dan keputusan koreksi | D41: Maksimal 7 hari setelah terdeteksi | E41: Kepala Desa | F41: Putuskan koreksi sumber daya/jadwal | G41: Selesai | H41: Target tercapai dan bukti tervalidasi | I41: Keluaran, hasil ukur, dan persetujuan validator | J41: Publikasikan hasil

Sheet Respons Survei
A1: ID | B1: Start time | C1: Completion time | D1: Email | E1: Name | F1: Last modified time | G1: Jenis Kelamin | H1: Usia | I1: Pendidikan | J1: Pekerjaan | K1: Jenis Layanan yang diajukan (dapat memilih 3 jenis layanan) | L1: Apakah persyaratan pengajuan pelayanan yang ada pada Kantor Desa Mertasari telah mempermudah Anda? | M1: Seberapa mudahkan prosedur pelayanan yang ada di Desa Mertasari untuk setiap pengajuan permohonan layanan? | N1: Seberapa cepat waktu yang dibutuhkan dalam proses layanan yang diberikan oleh petugas di Kantor Desa Mertasari? | O1: Menurut Anda, berapa tarif/biaya layanan yang diterapkan atas layanan yang diberikan oleh Pemerintah Desa Mertasari? | P1: Bagaimana pendapat saudara tentang kesesuaian produk pelayanan antara yang tercantum dalam standar hasil pelayanan dengan hasil yang diberikan? | Q1: Bagaimana pendapat Anda tentang kemampuan perangkat desa dalam memberikan penjelasan mengenai prosedur layanan? | R1: Bagaimana pendapat Anda tentang kesopanan dan keramahan perangkat desa dalam memberikan layanan? | S1: Menurut Anda, apakah telah tersedia sarana prasarana (komputer, jaringan internet dan lainnya) yang mendukung efektivitas dan efisiensi pelayanan di Pemerintah Desa Mertasari? | T1: Bagaimana pendapat Anda tentang ketersediaan dan penanganan layanan pengaduan masyarakat? | U1: Bagaimana pendapat Saudara tentang perilaku Sikap kita terhadap seseorang yang menerima uang tambahan dari pasangan (suami/istri) di luar gaji/penghasilan yang biasa diterima, tanpa mempertanyakan... | V1: Bagaimana pendapat Saudara tentang perilaku Seorang Perangkat Desa menggunakan kendaraan dinas untuk keperluan keluarga / pribadi.? | W1: Bagaimana pendapat Saudara tentang perilaku Seseorang mengajak anggota keluarga dalam kampanye Pilkades/Pilkada/Pemilu demi mendapatkan lebih banyak imbalan (uang, barang, sembako, pulsa dll).? | X1: Bagaimana pendapat Saudara tentang perilaku Seseorang memanfaatkan hubungan keluarga yang mempunyai kewenangan agar dipermudah dalam pelayanan publik.? | Y1: Bagaimana pendapat Saudara tentang perilaku Seseorang bergaya hidup mewah di luar dari kemampuan agar diakui/dianggap berada oleh masyarkat.? | Z1: Bagaimana pendapat Saudara tentang perilaku Suatu keluarga memberi uang/barang/fasilitas yang lebih kepada Pejabat atau Perangkat Desa ketika melaksanakan hajatan (penikahan, khitanan, kematian dl... | AA1: Bagaimana pendapat Saudara tentang perilaku Ketua RT / RW membantu calon Kepala Desa/Kepala Daerah/Legislatif untuk membagikan uang/barang/fasilitas kepada Masyarakat agar dipilih.? | AB1: Bagaimana pendapat Saudara tentang perilaku Kelompok/Lembaga Masyarakat menerima sumbangan/bantuan/pemberian/hibah dari seseorang tanpa mempertanyakan asal usulnya.? | AC1: Bagaimana pendapat Saudara tentang perilaku Ketua RT/RW/Kepala Desa mengusulkan warganya yang tidak sesuai kriteria untuk mendapatkan dana bantuan sosial.? | AD1: Apakah Perangkat Desa Mertasari dalam memberikan pelayanan menerapkan prinsip berintegritas dan berperilaku sesuai etika? | AE1: Apakah Anda pernah mengetahui adanya sosialisasi antikorupsi di Desa Mertasari? | AF1: Apakah Anda bersedia memberikan contoh dalam mengimplementasikan 9 nilai antikorupsi dalam kehidupan sehari-hari? | AG1: Apakah Anda mengetahui adanya adat istiadat / budaya yang mendorong upaya pencegahan korupsi di Desa Mertasari? | AH1: Apakah Anda mengetahui peran Tokoh masyarakat, tokoh agama, tokoh adat, tokoh pemuda dan kaum perempuan dalam mendorong upaya pencegahan korupsi di Desa Mertasari? | AI1: Apakah Anda mengetahui adanya Maklumat Pelayanan di Kantor Desa Mertasari? | AJ1: Apakah Anda sepakat dengan kalimat "Dengan ini, kami menyatakan sanggup menyelenggarakan pelayanan dengan sebaik-baiknya sesuai standar pelayanan yang telah ditetapkan, serta melakukan upaya perba... | AK1: Apakah Anda mengetahui adanya Standar Pelayanan / SOP Pelayanan di Kantor Desa Mertasari? | AL1: Darimanakah anda memperoleh informasi mengenai Standar Pelayanan Minimal (kesehatan, pendidikan, sosial, lingkungan, kependudukan, keuangan dan pelayanan lainnya)? | AM1: Menurut Anda, apakah informasi mengenai Standar Pelayanan Minimal (kesehatan, pendidikan, sosial, lingkungan, kependudukan, keuangan dan pelayanan lainnya) telah tersedia dan dapat diakes? | AN1: Media Pengaduan Masyarakat apa yang sering Anda gunakan untuk menyampaikan pengaduan kepada Pemerintah Desa Mertasari? | AO1: Apakah Anda mengetahui informasi tentang Anggaran Pendapatan dan Belanja Desa Mertasari? | AP1: Apakah Anda terlibat dan berpartisipasi dalam penyusunan Rencana Kerja Pemerintah (RKP) Desa Mertasari? | AQ1: Apakah Anda mengetahui keterlibatan lembaga desa dan masyarakat dalam kegiatan pembangunan di Desa Mertasari? | AR1: Seberapa puas Anda dengan Pelayanan yang diberikan oleh Pemerintah Desa Mertasari? | AS1: Saran dan Kritik untuk perbaikan layanan publik Pemerintah Desa Mertasari
A2: 1 | B2: 46203.842 | C2: 46203.849 | D2: anonymous | G2: Laki-Laki | H2: 36 - 55 Tahun | I2: SMA | J2: Lainnya | K2: Surat Pengantar;Surat Keterangan Domisili;Surat Keterangan Kehilangan; | L2: Sangat Mudah | M2: Sangat Mudah | N2: Cepat | O2: Gratis | P2: Sangat Sesuai | Q2: Sangat Jelas | R2: Sangat Sopan dan Sangat Ramah | S2: Tersedia dan sangat mendukung | T2: Ada dan sudah dikelola dengan cukup baik | U2: Tidak Wajar | V2: Tidak Wajar | W2: Tidak Wajar | X2: Tidak Wajar | Y2: Tidak Wajar | Z2: Tidak Wajar | AA2: Tidak Wajar | AB2: Tidak Wajar | AC2: Tidak Wajar | AD2: Selalu | AE2: Sering | AF2: Bersedia | AG2: Tahu | AH2: Tahu | AI2: Sangat Tahu | AJ2: Sangat Setuju | AK2: Tahu | AL2: Papan Pengumuman (Kantor Desa, Poskampling, Rumah Ketua RT dan tempat strategis lainnya) | AM2: Tersedia dan dapat diakses | AN2: WA/SMS | AO2: Tahu | AP2: Ikut berpartisipasi | AQ2: Tahu | AR2: 9 | AS2: Yang sudah baik bertahankan dan tingkatkan
A3: 2 | B3: 46203.85 | C3: 46203.859 | D3: anonymous | G3: Laki-Laki | H3: 36 - 55 Tahun | I3: SMA | J3: Pegawai Swasta | K3: Surat Keterangan Izin Usaha;Surat Pengantar;Surat Keterangan Usaha; | L3: Mudah | M3: Mudah | N3: Cepat | O3: Gratis | P3: Sesuai | Q3: Jelas | R3: Sopan dan Ramah | S3: Tersedia dan mendukung | T3: Ada tetapi belum dikelola dengan baik | U3: Tidak Wajar | V3: Tidak Wajar | W3: Cenderung Tidak Wajar | X3: Cenderung Tidak Wajar | Y3: Tidak Wajar | Z3: Tidak Wajar | AA3: Cenderung Tidak Wajar | AB3: Tidak Wajar | AC3: Tidak Wajar | AD3: Pernah | AE3: Sering | AF3: Bersedia | AG3: Kurang Tahu | AH3: Kurang Tahu | AI3: Tahu | AJ3: Setuju | AK3: Kurang Tahu | AL3: Papan Pengumuman (Kantor Desa, Poskampling, Rumah Ketua RT dan tempat strategis lainnya) | AM3: Tersedia dan dapat diakses | AN3: WA/SMS | AO3: Tahu | AP3: Ikut berpartisipasi | AQ3: Tahu | AR3: 7 | AS3: Tingkatkan pelayanan terhadap masyarakat dan bersantun dalam pelayanan
A4: 3 | B4: 46203.855 | C4: 46203.86 | D4: anonymous | G4: Laki-Laki | H4: 36 - 55 Tahun | I4: Diploma (D1/D2/D3) | J4: Lainnya | K4: Surat Pengantar;Surat Keterangan Kematian;Lainnya; | L4: Sangat Mudah | M4: Sangat Mudah | N4: Cepat | O4: Gratis | P4: Sesuai | Q4: Jelas | R4: Sopan dan Ramah | S4: Tersedia dan mendukung | T4: Ada tetapi belum dikelola dengan baik | U4: Wajar | V4: Cenderung Wajar | W4: Wajar | X4: Wajar | Y4: Tidak Wajar | Z4: Cenderung Wajar | AA4: Wajar | AB4: Cenderung Wajar | AC4: Cenderung Tidak Wajar | AD4: Selalu | AE4: Jarang | AF4: Bersedia | AG4: Tahu | AH4: Tahu | AI4: Tahu | AJ4: Setuju | AK4: Tahu | AL4: Papan Pengumuman (Kantor Desa, Poskampling, Rumah Ketua RT dan tempat strategis lainnya) | AM4: Tersedia dan dapat diakses | AN4: Kotak Pengaduan | AO4: Tahu | AP4: Ikut berpartisipasi | AQ4: Tahu | AR4: 8 | AS4: Tingkat kan pelayanan kepada masyarakat dengan ramah
A5: 4 | B5: 46203.855 | C5: 46203.861 | D5: anonymous | G5: Laki-Laki | H5: 17 - 35 Tahun | I5: SMA | J5: Lainnya | K5: Surat Pengantar;Surat Keterangan Belum Menikah;Surat Keterangan Nikah N1-N7; | L5: Sangat Mudah | M5: Sangat Mudah | N5: Cepat | O5: Gratis | P5: Sangat Sesuai | Q5: Sangat Jelas | R5: Sangat Sopan dan Sangat Ramah | S5: Tersedia dan sangat mendukung | T5: Ada dan sudah dikelola dengan sangat baik | U5: Cenderung Wajar | V5: Tidak Wajar | W5: Tidak Wajar | X5: Tidak Wajar | Y5: Tidak Wajar | Z5: Cenderung Wajar | AA5: Cenderung Tidak Wajar | AB5: Tidak Wajar | AC5: Tidak Wajar | AD5: Selalu | AE5: Sangat Sering | AF5: Bersedia | AG5: Tahu | AH5: Tahu | AI5: Tahu | AJ5: Sangat Setuju | AK5: Tahu | AL5: Papan Pengumuman (Kantor Desa, Poskampling, Rumah Ketua RT dan tempat strategis lainnya) | AM5: Tersedia dan dapat diakses | AN5: Kotak Pengaduan | AO5: Tahu | AP5: Ikut berpartisipasi | AQ5: Tahu | AR5: 9 | AS5: Sudah baik
A6: 5 | B6: 46203.863 | C6: 46203.869 | D6: anonymous | G6: Laki-Laki | H6: 36 - 55 Tahun | I6: SMA | J6: TNI | K6: Lainnya; | L6: Sangat Mudah | M6: Sangat Mudah | N6: Cepat | O6: Gratis | P6: Sesuai | Q6: Sangat Jelas | R6: Sopan dan Ramah | S6: Tersedia dan mendukung | T6: Ada dan sudah dikelola dengan sangat baik | U6: Cenderung Tidak Wajar | V6: Tidak Wajar | W6: Tidak Wajar | X6: Cenderung Tidak Wajar | Y6: Tidak Wajar | Z6: Tidak Wajar | AA6: Tidak Wajar | AB6: Tidak Wajar | AC6: Cenderung Tidak Wajar | AD6: Selalu | AE6: Sering | AF6: Bersedia | AG6: Tahu | AH6: Tahu | AI6: Tahu | AJ6: Setuju | AK6: Tahu | AL6: Papan Pengumuman (Kantor Desa, Poskampling, Rumah Ketua RT dan tempat strategis lainnya) | AM6: Tersedia dan dapat diakses | AN6: Kotak Pengaduan | AO6: Tahu | AP6: Kadang-Kadang | AQ6: Tahu | AR6: 8 | AS6: Tingkatkan Pertahankan
A7: 6 | B7: 46203.857 | C7: 46203.869 | D7: anonymous | G7: Perempuan | H7: 36 - 55 Tahun | I7: SMP | J7: Lainnya | K7: Surat Pengantar;Surat Keterangan Domisili;Surat Keterangan Kehilangan; | L7: Mudah | M7: Mudah | N7: Cepat | O7: Gratis | P7: Sesuai | Q7: Jelas | R7: Sopan dan Ramah | S7: Tersedia dan mendukung | T7: Ada dan sudah dikelola dengan cukup baik | U7: Cenderung Tidak Wajar | V7: Cenderung Wajar | W7: Cenderung Tidak Wajar | X7: Cenderung Tidak Wajar | Y7: Tidak Wajar | Z7: Tidak Wajar | AA7: Tidak Wajar | AB7: Cenderung Tidak Wajar | AC7: Tidak Wajar | AD7: Selalu | AE7: Jarang | AF7: Bersedia | AG7: Tahu | AH7: Tahu | AI7: Tahu | AJ7: Sangat Setuju | AK7: Tahu | AL7: Website Desa / Media Sosial | AM7: Tersedia dan dapat diakses | AN7: Kotak Pengaduan | AO7: Tahu | AP7: Ikut berpartisipasi | AQ7: Tahu | AR7: 10 | AS7: saran saya untuk website Desa Mertasari Kurang lengkap
A8: 7 | B8: 46203.863 | C8: 46203.87 | D8: anonymous | G8: Laki-Laki | H8: 17 - 35 Tahun | I8: SMA | J8: Petani | K8: Surat Pengantar;Surat Ketetangan Nikah;Surat Keterangan Usaha; | L8: Mudah | M8: Mudah | N8: Cepat | O8: Gratis | P8: Sesuai | Q8: Jelas | R8: Sopan dan Ramah | S8: Cukup tersedia tapi kurang mendukung | T8: Ada tetapi belum dikelola dengan baik | U8: Cenderung Wajar | V8: Cenderung Wajar | W8: Cenderung Wajar | X8: Cenderung Wajar | Y8: Tidak Wajar | Z8: Cenderung Tidak Wajar | AA8: Cenderung Tidak Wajar | AB8: Cenderung Tidak Wajar | AC8: Cenderung Tidak Wajar | AD8: Selalu | AE8: Sering | AF8: Bersedia | AG8: Kurang Tahu | AH8: Tahu | AI8: Sangat Tahu | AJ8: Sangat Setuju | AK8: Tahu | AL8: Papan Pengumuman (Kantor Desa, Poskampling, Rumah Ketua RT dan tempat strategis lainnya) | AM8: Tersedia dan dapat diakses | AN8: WA/SMS | AO8: Tahu | AP8: Tidak Ikut | AQ8: Tahu | AR8: 8 | AS8: .
A9: 8 | B9: 46203.867 | C9: 46203.874 | D9: anonymous | G9: Laki-Laki | H9: 36 - 55 Tahun | I9: SMA | J9: Lainnya | K9: Surat Pengantar; | L9: Mudah | M9: Mudah | N9: Cepat | O9: Gratis | P9: Sesuai | Q9: Jelas | R9: Sangat Sopan dan Sangat Ramah | S9: Tersedia dan mendukung | T9: Ada dan sudah dikelola dengan cukup baik | U9: Wajar | V9: Cenderung Tidak Wajar | W9: Tidak Wajar | X9: Cenderung Tidak Wajar | Y9: Tidak Wajar | Z9: Cenderung Tidak Wajar | AA9: Tidak Wajar | AB9: Tidak Wajar | AC9: Tidak Wajar | AD9: Selalu | AE9: Sering | AF9: Bersedia | AG9: Tahu | AH9: Tahu | AI9: Tahu | AJ9: Setuju | AK9: Tahu | AL9: Papan Pengumuman (Kantor Desa, Poskampling, Rumah Ketua RT dan tempat strategis lainnya) | AM9: Tersedia dan dapat diakses | AN9: WA/SMS | AO9: Tahu | AP9: Ikut terlibat dan berpartisipasi | AQ9: Tahu | AR9: 8 | AS9: Layanan digitalisasi perlu ditingkatkan
A10: 9 | B10: 46203.865 | C10: 46203.879 | D10: anonymous | G10: Laki-Laki | H10: > 55 Tahun | I10: D4/S1/S2 | J10: Lainnya | K10: Lainnya; | L10: Sangat Mudah | M10: Sangat Mudah | N10: Cepat | O10: Gratis | P10: Sesuai | Q10: Jelas | R10: Sopan dan Ramah | S10: Tersedia dan sangat mendukung | T10: Ada dan sudah dikelola dengan cukup baik | U10: Cenderung Wajar | V10: Cenderung Tidak Wajar | W10: Cenderung Tidak Wajar | X10: Cenderung Wajar | Y10: Tidak Wajar | Z10: Cenderung Tidak Wajar | AA10: Cenderung Tidak Wajar | AB10: Cenderung Tidak Wajar | AC10: Cenderung Tidak Wajar | AD10: Selalu | AE10: Sering | AF10: Bersedia | AG10: Tahu | AH10: Tahu | AI10: Tahu | AJ10: Setuju | AK10: Tahu | AL10: Papan Pengumuman (Kantor Desa, Poskampling, Rumah Ketua RT dan tempat strategis lainnya) | AM10: Tersedia dan dapat diakses | AN10: Kotak Pengaduan | AO10: Sangat Tahu | AP10: Ikut berpartisipasi | AQ10: Tahu | AR10: 9 | AS10: Tingkatkan kemampuan personil perangkat desanya terutama penguasaan IT dengan pelatihan yang intensif agar kinerja perangkat desa lebih baik lagi
A11: 10 | B11: 46203.872 | C11: 46203.88 | D11: anonymous | G11: Laki-Laki | H11: 36 - 55 Tahun | I11: SMA | J11: Lainnya | K11: Surat Pengantar;Surat Keterangan Kepemilikan / Hak Milik;Surat Keterangan Jual Beli Tanah; | L11: Sangat Mudah | M11: Sangat Mudah | N11: Sangat Cepat | O11: Gratis | P11: Sesuai | Q11: Jelas | R11: Sangat Sopan dan Sangat Ramah | S11: Tersedia dan sangat mendukung | T11: Ada dan sudah dikelola dengan sangat baik | U11: Tidak Wajar | V11: Tidak Wajar | W11: Tidak Wajar | X11: Tidak Wajar | Y11: Tidak Wajar | Z11: Tidak Wajar | AA11: Tidak Wajar | AB11: Tidak Wajar | AC11: Tidak Wajar | AD11: Selalu | AE11: Sering | AF11: Bersedia | AG11: Tahu | AH11: Tahu | AI11: Tahu | AJ11: Sangat Setuju | AK11: Tahu | AL11: Website Desa / Media Sosial | AM11: Tersedia dan dapat diakses | AN11: Kotak Pengaduan | AO11: Tahu | AP11: Ikut berpartisipasi | AQ11: Tahu | AR11: 9 | AS11: Website sering di update..
A12: 11 | B12: 46203.874 | C12: 46203.881 | D12: anonymous | G12: Laki-Laki | H12: 36 - 55 Tahun | I12: SMA | J12: Petani | K12: Surat Keterangan Kehilangan; | L12: Sangat Mudah | M12: Sangat Mudah | N12: Cepat | O12: Gratis | P12: Sesuai | Q12: Sangat Jelas | R12: Sopan dan Ramah | S12: Tersedia dan sangat mendukung | T12: Ada dan sudah dikelola dengan cukup baik | U12: Cenderung Tidak Wajar | V12: Tidak Wajar | W12: Tidak Wajar | X12: Tidak Wajar | Y12: Tidak Wajar | Z12: Cenderung Tidak Wajar | AA12: Cenderung Tidak Wajar | AB12: Tidak Wajar | AC12: Cenderung Tidak Wajar | AD12: Selalu | AE12: Sering | AF12: Sangat Bersedia | AG12: Tahu | AH12: Tahu | AI12: Tahu | AJ12: Setuju | AK12: Tahu | AL12: Papan Pengumuman dan Media Sosial | AM12: Tersedia tapi tidak dapat diakses | AN12: Kotak Pengaduan | AO12: Tahu | AP12: Tidak Ikut | AQ12: Tahu | AR12: 9 | AS12: Semoga semia pelayanan dan informasi di Desa mertasari kepada Masyarakat terus dan terus baik dan lebih baik..
A13: 12 | B13: 46203.868 | C13: 46203.883 | D13: anonymous | G13: Laki-Laki | H13: > 55 Tahun | I13: SMP | J13: Lainnya | K13: Surat Pengantar;Surat Keterangan Kelahiran;Surat Keterangan Domisili; | L13: Sangat Mudah | M13: Sangat Mudah | N13: Sangat Cepat | O13: Gratis | P13: Sangat Sesuai | Q13: Sangat Jelas | R13: Sangat Sopan dan Sangat Ramah | S13: Tersedia dan sangat mendukung | T13: Ada dan sudah dikelola dengan sangat baik | U13: Cenderung Tidak Wajar | V13: Cenderung Tidak Wajar | W13: Tidak Wajar | X13: Tidak Wajar | Y13: Tidak Wajar | Z13: Tidak Wajar | AA13: Tidak Wajar | AB13: Tidak Wajar | AC13: Tidak Wajar | AD13: Selalu | AE13: Sering | AF13: Bersedia | AG13: Tahu | AH13: Tahu | AI13: Sangat Tahu | AJ13: Sangat Setuju | AK13: Sangat Tahu | AL13: Papan Pengumuman dan Media Sosial | AM13: Tersedia dan dapat diakses | AN13: WA/SMS | AO13: Tahu | AP13: Ikut berpartisipasi | AQ13: Tahu | AR13: 10 | AS13: pertahankan pelayanan yg bagus
... A201: 200 | B201: 46219.34 | C201: 46219.343 | D201: anonymous | G201: Perempuan | H201: 36 - 55 Tahun | I201: SMP | J201: Lainnya | K201: Surat Pengantar;Surat Keterangan Kematian;Lainnya; | L201: Mudah | M201: Mudah | N201: Cepat | O201: Gratis | P201: Sesuai | Q201: Jelas | R201: Sopan dan Ramah | S201: Tersedia dan mendukung | T201: Ada dan sudah dikelola dengan cukup baik | U201: Cenderung Tidak Wajar | V201: Cenderung Wajar | W201: Cenderung Wajar | X201: Cenderung Wajar | Y201: Cenderung Tidak Wajar | Z201: Cenderung Tidak Wajar | AA201: Cenderung Wajar | AB201: Cenderung Tidak Wajar | AC201: Cenderung Tidak Wajar | AD201: Selalu | AE201: Jarang | AF201: Tidak Bersedia | AG201: Kurang Tahu | AH201: Kurang Tahu | AI201: Tidak Tahu | AJ201: Kurang Setuju | AK201: Tidak Tahu | AL201: Tidak Tahu | AM201: Tidak Tahu | AN201: Tidak Tahu | AO201: Tidak Tahu | AP201: Tidak Ikut | AQ201: Tidak Tahu | AR201: 8 | AS201: Mertasari lebih maju
A202: 201 | B202: 46236.665 | C202: 46236.667 | D202: anonymous | G202: Laki-Laki | H202: 36 - 55 Tahun | I202: D4/S1/S2 | J202: ASN (PNS/PPPK) | K202: Lainnya; | L202: Mudah | M202: Mudah | N202: Cepat | O202: Gratis | P202: Sesuai | Q202: Jelas | R202: Sopan dan Ramah | S202: Cukup tersedia tapi kurang mendukung | T202: Ada tetapi belum dikelola dengan baik | U202: Tidak Wajar | V202: Tidak Wajar | W202: Tidak Wajar | X202: Tidak Wajar | Y202: Tidak Wajar | Z202: Tidak Wajar | AA202: Tidak Wajar | AB202: Tidak Wajar | AC202: Tidak Wajar | AD202: Selalu | AE202: Jarang | AF202: Bersedia | AG202: Tahu | AH202: Kurang Tahu | AI202: Tahu | AJ202: Sangat Setuju | AK202: Kurang Tahu | AL202: Papan Pengumuman (Kantor Desa, Poskampling, Rumah Ketua RT dan tempat strategis lainnya) | AM202: Tersedia tapi tidak dapat diakses | AN202: Website/Media Sosial | AO202: Tahu | AP202: Ikut berpartisipasi | AQ202: Tahu | AR202: 6
A203: 202 | B203: 46238.347 | C203: 46238.35 | D203: anonymous | G203: Laki-Laki | H203: 17 - 35 Tahun | I203: SMA | J203: Wirausaha | K203: Surat Keterangan Izin Usaha; | L203: Mudah | M203: Mudah | N203: Cepat | O203: Gratis | P203: Sesuai | Q203: Jelas | R203: Sopan dan Ramah | S203: Tersedia dan mendukung | T203: Ada dan sudah dikelola dengan cukup baik | U203: Tidak Wajar | V203: Tidak Wajar | W203: Tidak Wajar | X203: Tidak Wajar | Y203: Tidak Wajar | Z203: Tidak Wajar | AA203: Tidak Wajar | AB203: Tidak Wajar | AC203: Tidak Wajar | AD203: Pernah | AE203: Sering | AF203: Bersedia | AG203: Tahu | AH203: Tahu | AI203: Tahu | AJ203: Setuju | AK203: Tahu | AL203: Papan Pengumuman dan Media Sosial | AM203: Tersedia dan dapat diakses | AN203: WA/SMS | AO203: Tahu | AP203: Kadang-Kadang | AQ203: Tahu | AR203: 8 | AS203: Selalu utamakan pelayanan kepada masyarakat
A204: 203 | B204: 46238.349 | C204: 46238.352 | D204: anonymous | G204: Laki-Laki | H204: 36 - 55 Tahun | I204: SMA | J204: TNI | K204: Lainnya; | L204: Mudah | M204: Mudah | N204: Cepat | O204: Gratis | P204: Sesuai | Q204: Sangat Jelas | R204: Sangat Sopan dan Sangat Ramah | S204: Tersedia dan sangat mendukung | T204: Ada dan sudah dikelola dengan cukup baik | U204: Tidak Wajar | V204: Cenderung Tidak Wajar | W204: Tidak Wajar | X204: Tidak Wajar | Y204: Tidak Wajar | Z204: Tidak Wajar | AA204: Tidak Wajar | AB204: Tidak Wajar | AC204: Tidak Wajar | AD204: Selalu | AE204: Sering | AF204: Bersedia | AG204: Tahu | AH204: Tahu | AI204: Sangat Tahu | AJ204: Sangat Setuju | AK204: Tahu | AL204: Website Desa / Media Sosial | AM204: Tersedia dan dapat diakses | AN204: Kotak Pengaduan | AO204: Tahu | AP204: Ikut berpartisipasi | AQ204: Tahu | AR204: 8 | AS204: Tingkatkan dan Pertahanankan
A205: 204 | B205: 46238.351 | C205: 46238.354 | D205: anonymous | G205: Perempuan | H205: 36 - 55 Tahun | I205: Sekolah Dasar | J205: Pedagang | K205: Surat Pengantar; | L205: Sangat Mudah | M205: Sangat Mudah | N205: Sangat Cepat | O205: Gratis | P205: Sangat Sesuai | Q205: Sangat Jelas | R205: Sangat Sopan dan Sangat Ramah | S205: Tersedia dan sangat mendukung | T205: Ada dan sudah dikelola dengan sangat baik | U205: Tidak Wajar | V205: Tidak Wajar | W205: Tidak Wajar | X205: Tidak Wajar | Y205: Tidak Wajar | Z205: Tidak Wajar | AA205: Tidak Wajar | AB205: Tidak Wajar | AC205: Tidak Wajar | AD205: Selalu | AE205: Sangat Sering | AF205: Bersedia | AG205: Tahu | AH205: Tahu | AI205: Tahu | AJ205: Setuju | AK205: Tahu | AL205: Papan Pengumuman (Kantor Desa, Poskampling, Rumah Ketua RT dan tempat strategis lainnya) | AM205: Tersedia dan dapat diakses | AN205: Website/Media Sosial | AO205: Tahu | AP205: Kadang-Kadang | AQ205: Tahu | AR205: 7 | AS205: Perbaiki informasi biar warga masyarakat tahu dan paham adanya informasi pemerintahan desa
A206: 205 | B206: 46245.443 | C206: 46245.445 | D206: anonymous | G206: Laki-Laki | H206: 36 - 55 Tahun | I206: SMA | J206: Lainnya | K206: Surat Pengantar;Surat Keterangan Kelahiran;Lainnya; | L206: Mudah | M206: Mudah | N206: Cepat | O206: Gratis | P206: Sesuai | Q206: Jelas | R206: Sopan dan Ramah | S206: Tersedia dan mendukung | T206: Ada dan sudah dikelola dengan cukup baik | U206: Cenderung Wajar | V206: Cenderung Wajar | W206: Cenderung Wajar | X206: Cenderung Wajar | Y206: Tidak Wajar | Z206: Cenderung Wajar | AA206: Cenderung Wajar | AB206: Cenderung Wajar | AC206: Cenderung Tidak Wajar | AD206: Selalu | AE206: Jarang | AF206: Tidak Bersedia | AG206: Tahu | AH206: Kurang Tahu | AI206: Kurang Tahu | AJ206: Kurang Setuju | AK206: Tahu | AL206: Papan Pengumuman (Kantor Desa, Poskampling, Rumah Ketua RT dan tempat strategis lainnya) | AM206: Tersedia dan dapat diakses | AN206: WA/SMS | AO206: Tahu | AP206: Tidak Ikut | AQ206: Tahu | AR206: 8 | AS206: Semoga selalu dimudahkan dalam melayani masyarakat
A207: 206 | B207: 46245.53 | C207: 46245.539 | D207: anonymous | G207: Laki-Laki | H207: > 55 Tahun | I207: D4/S1/S2 | J207: Lainnya | K207: Lainnya; | L207: Mudah | M207: Mudah | N207: Cepat | O207: Gratis | P207: Sesuai | Q207: Jelas | R207: Sangat Sopan dan Sangat Ramah | S207: Tersedia dan sangat mendukung | T207: Ada dan sudah dikelola dengan cukup baik | U207: Cenderung Wajar | V207: Cenderung Tidak Wajar | W207: Tidak Wajar | X207: Cenderung Tidak Wajar | Y207: Tidak Wajar | Z207: Cenderung Tidak Wajar | AA207: Tidak Wajar | AB207: Cenderung Tidak Wajar | AC207: Tidak Wajar | AD207: Selalu | AE207: Sering | AF207: Bersedia | AG207: Kurang Tahu | AH207: Kurang Tahu | AI207: Tahu | AJ207: Sangat Setuju | AK207: Tahu | AL207: Papan Pengumuman dan Media Sosial | AM207: Tersedia dan dapat diakses | AN207: Kotak Pengaduan | AO207: Tahu | AP207: Kadang-Kadang | AQ207: Tahu | AR207: 7 | AS207: Perbaiki terus pelayanan agar masyarakat benar-benar puas terhadap layanan di desa mertasari
A208: 207 | B208: 46252.759 | C208: 46252.761 | D208: anonymous | G208: Laki-Laki | H208: 17 - 35 Tahun | I208: SMA | J208: Wirausaha | K208: Surat Pengantar; | L208: Sangat Mudah | M208: Sangat Mudah | N208: Sangat Cepat | O208: Gratis | P208: Sangat Sesuai | Q208: Sangat Jelas | R208: Sangat Sopan dan Sangat Ramah | S208: Tersedia dan mendukung | T208: Ada dan sudah dikelola dengan sangat baik | U208: Wajar | V208: Wajar | W208: Wajar | X208: Wajar | Y208: Wajar | Z208: Wajar | AA208: Wajar | AB208: Wajar | AC208: Wajar | AD208: Pernah | AE208: Jarang | AF208: Ragu-Ragu | AG208: Tahu | AH208: Tahu | AI208: Tahu | AJ208: Setuju | AK208: Sangat Tahu | AL208: Papan Pengumuman (Kantor Desa, Poskampling, Rumah Ketua RT dan tempat strategis lainnya) | AM208: Tersedia dan dapat diakses | AN208: Kotak Pengaduan | AO208: Kurang Tahu | AP208: Ikut terlibat dan berpartisipasi | AQ208: Kurang Tahu | AR208: 10 | AS208: cukup
A209: 208 | B209: 46252.761 | C209: 46252.761 | D209: anonymous | G209: Perempuan | H209: 17 - 35 Tahun | I209: D4/S1/S2 | J209: ASN (PNS/PPPK) | K209: Surat Pengantar; | L209: Sangat Mudah | M209: Sangat Mudah | N209: Sangat Cepat | O209: Gratis | P209: Sesuai | Q209: Jelas | R209: Sopan dan Ramah | S209: Tersedia dan sangat mendukung | T209: Ada dan sudah dikelola dengan sangat baik | U209: Wajar | V209: Wajar | W209: Wajar | X209: Wajar | Y209: Wajar | Z209: Wajar | AA209: Wajar | AB209: Wajar | AC209: Wajar | AD209: Selalu | AE209: Sangat Sering | AF209: Sangat Bersedia | AG209: Kurang Tahu | AH209: Tahu | AI209: Sangat Tahu | AJ209: Sangat Setuju | AK209: Tahu | AL209: Papan Pengumuman (Kantor Desa, Poskampling, Rumah Ketua RT dan tempat strategis lainnya) | AM209: Tersedia tapi tidak dapat diakses | AN209: WA/SMS | AO209: Sangat Tahu | AP209: Ikut terlibat dan berpartisipasi | AQ209: Sangat Tahu | AR209: 10 | AS209: baik
A210: 209 | B210: 46252.761 | C210: 46252.763 | D210: anonymous | G210: Laki-Laki | H210: 17 - 35 Tahun | I210: D4/S1/S2 | J210: Lainnya | K210: Surat Pengantar; | L210: Sangat Mudah | M210: Sangat Mudah | N210: Sangat Cepat | O210: Gratis | P210: Sangat Sesuai | Q210: Kurang Jelas | R210: Sangat Sopan dan Sangat Ramah | S210: Tersedia dan mendukung | T210: Ada dan sudah dikelola dengan sangat baik | U210: Wajar | V210: Wajar | W210: Wajar | X210: Wajar | Y210: Wajar | Z210: Wajar | AA210: Wajar | AB210: Cenderung Wajar | AC210: Wajar | AD210: Selalu | AE210: Sangat Sering | AF210: Sangat Bersedia | AG210: Sangat Tahu | AH210: Sangat Tahu | AI210: Sangat Tahu | AJ210: Sangat Setuju | AK210: Sangat Tahu | AL210: Papan Pengumuman dan Media Sosial | AM210: Tersedia dan dapat diakses | AN210: Kotak Pengaduan | AO210: Tahu | AP210: Ikut terlibat dan berpartisipasi | AQ210: Tahu | AR210: 10 | AS210: cukup baik
A211: 210 | B211: 46252.763 | C211: 46252.763 | D211: anonymous | G211: Perempuan | H211: 36 - 55 Tahun | I211: D4/S1/S2 | J211: ASN (PNS/PPPK) | K211: Surat Keterangan Kelahiran;Surat Pengantar;Lainnya; | L211: Sangat Mudah | M211: Sangat Mudah | N211: Sangat Cepat | O211: Gratis | P211: Sangat Sesuai | Q211: Sangat Jelas | R211: Sangat Sopan dan Sangat Ramah | S211: Tersedia dan sangat mendukung | T211: Ada dan sudah dikelola dengan sangat baik | U211: Wajar | V211: Wajar | W211: Wajar | X211: Wajar | Y211: Wajar | Z211: Wajar | AA211: Wajar | AB211: Wajar | AC211: Wajar | AD211: Pernah | AE211: Sering | AF211: Sangat Bersedia | AG211: Tahu | AH211: Sangat Tahu | AI211: Sangat Tahu | AJ211: Sangat Setuju | AK211: Sangat Tahu | AL211: Papan Pengumuman (Kantor Desa, Poskampling, Rumah Ketua RT dan tempat strategis lainnya) | AM211: Tersedia dan dapat diakses | AN211: Website/Media Sosial | AO211: Sangat Tahu | AP211: Ikut terlibat dan berpartisipasi | AQ211: Tahu | AR211: 10 | AS211: baik
A212: 211 | B212: 46252.763 | C212: 46252.765 | D212: anonymous | G212: Perempuan | H212: 36 - 55 Tahun | I212: D4/S1/S2 | J212: Pegawai Swasta | K212: Surat Pengantar;Lainnya; | L212: Sangat Mudah | M212: Sangat Mudah | N212: Sangat Cepat | O212: Gratis | P212: Sangat Sesuai | Q212: Sangat Jelas | R212: Sangat Sopan dan Sangat Ramah | S212: Tersedia dan sangat mendukung | T212: Ada dan sudah dikelola dengan sangat baik | U212: Wajar | V212: Wajar | W212: Wajar | X212: Wajar | Y212: Wajar | Z212: Wajar | AA212: Wajar | AB212: Wajar | AC212: Wajar | AD212: Selalu | AE212: Sangat Sering | AF212: Sangat Bersedia | AG212: Sangat Tahu | AH212: Sangat Tahu | AI212: Sangat Tahu | AJ212: Sangat Setuju | AK212: Sangat Tahu | AL212: Website Desa / Media Sosial | AM212: Tersedia dan dapat diakses | AN212: Website/Media Sosial | AO212: Sangat Tahu | AP212: Ikut terlibat dan berpartisipasi | AQ212: Sangat Tahu | AR212: 10 | AS212: lebih ditingkatkan lagi dan sejauh ini sudah baik
A213: 212 | B213: 46252.765 | C213: 46252.766 | D213: anonymous | G213: Laki-Laki | H213: 36 - 55 Tahun | I213: Diploma (D1/D2/D3) | J213: Pedagang | K213: Surat Pengantar;Surat Keterangan Nikah N1-N7;Surat Keterangan Usaha; | L213: Sangat Mudah | M213: Sangat Mudah | N213: Sangat Cepat | O213: Gratis | P213: Sangat Sesuai | Q213: Sangat Jelas | R213: Sangat Sopan dan Sangat Ramah | S213: Tersedia dan sangat mendukung | T213: Ada dan sudah dikelola dengan sangat baik | U213: Wajar | V213: Wajar | W213: Wajar | X213: Wajar | Y213: Wajar | Z213: Wajar | AA213: Wajar | AB213: Wajar | AC213: Wajar | AD213: Selalu | AE213: Sering | AF213: Bersedia | AG213: Sangat Tahu | AH213: Sangat Tahu | AI213: Tahu | AJ213: Setuju | AK213: Sangat Tahu | AL213: Papan Pengumuman dan Media Sosial | AM213: Tersedia dan dapat diakses | AN213: Website/Media Sosial | AO213: Sangat Tahu | AP213: Ikut terlibat dan berpartisipasi | AQ213: Sangat Tahu | AR213: 10 | AS213: pelayanan sudah baik saran lebih sat set lagi
A214: 213 | B214: 46252.775 | C214: 46252.783 | D214: anonymous | G214: Laki-Laki | H214: 17 - 35 Tahun | I214: SMA | J214: Lainnya | K214: Surat Pengantar;Surat Ketetangan Nikah;Surat Keterangan Status; | L214: Mudah | M214: Mudah | N214: Cepat | O214: Gratis | P214: Sesuai | Q214: Jelas | R214: Sopan dan Ramah | S214: Tersedia dan mendukung | T214: Ada dan sudah dikelola dengan cukup baik | U214: Cenderung Tidak Wajar | V214: Cenderung Tidak Wajar | W214: Tidak Wajar | X214: Cenderung Wajar | Y214: Tidak Wajar | Z214: Cenderung Wajar | AA214: Tidak Wajar | AB214: Tidak Wajar | AC214: Tidak Wajar | AD214: Selalu | AE214: Jarang | AF214: Bersedia | AG214: Tahu | AH214: Tahu | AI214: Tahu | AJ214: Sangat Setuju | AK214: Tahu | AL214: Papan Pengumuman (Kantor Desa, Poskampling, Rumah Ketua RT dan tempat strategis lainnya) | AM214: Tersedia dan dapat diakses | AN214: Kotak Pengaduan | AO214: Tahu | AP214: Tidak Ikut | AQ214: Tahu | AR214: 8 | AS214: Smoga pelayanan pemdes akan lebih baik lagi
... A216: 215 | B216: 46252.784 | C216: 46252.802 | D216: anonymous | G216: Perempuan | H216: 36 - 55 Tahun | I216: SMA | J216: Pedagang | K216: Surat Keterangan Kelahiran;Surat Keterangan Kematian;Surat Ketetangan Nikah; | L216: Mudah | M216: Mudah | N216: Cepat | O216: Gratis | P216: Sesuai | Q216: Jelas | R216: Sopan dan Ramah | S216: Tersedia dan mendukung | T216: Ada dan sudah dikelola dengan cukup baik | U216: Tidak Wajar | V216: Tidak Wajar | W216: Tidak Wajar | X216: Cenderung Tidak Wajar | Y216: Tidak Wajar | Z216: Cenderung Wajar | AA216: Tidak Wajar | AB216: Tidak Wajar | AC216: Tidak Wajar | AD216: Selalu | AE216: Jarang | AF216: Bersedia | AG216: Tahu | AH216: Tahu | AI216: Tahu | AJ216: Sangat Setuju | AK216: Tahu | AL216: Papan Pengumuman dan Media Sosial | AM216: Tersedia dan dapat diakses | AN216: Kotak Pengaduan | AO216: Tahu | AP216: Tidak Ikut | AQ216: Tahu | AR216: 9 | AS216: tingkatkan pelayanan
A217: 216 | B217: 46252.785 | C217: 46252.807 | D217: anonymous | G217: Perempuan | H217: 17 - 35 Tahun | I217: SMA | J217: Pedagang | K217: Surat Keterangan Status; | L217: Sangat Mudah | M217: Sangat Mudah | N217: Sangat Cepat | O217: Murah | P217: Sangat Sesuai | Q217: Jelas | R217: Sopan dan Ramah | S217: Tersedia dan mendukung | T217: Ada dan sudah dikelola dengan cukup baik | U217: Cenderung Tidak Wajar | V217: Cenderung Tidak Wajar | W217: Tidak Wajar | X217: Cenderung Tidak Wajar | Y217: Tidak Wajar | Z217: Tidak Wajar | AA217: Tidak Wajar | AB217: Tidak Wajar | AC217: Tidak Wajar | AD217: Selalu | AE217: Sering | AF217: Bersedia | AG217: Tahu | AH217: Kurang Tahu | AI217: Tahu | AJ217: Sangat Setuju | AK217: Tahu | AL217: Website Desa / Media Sosial | AM217: Tersedia dan dapat diakses | AN217: Website/Media Sosial | AO217: Kurang Tahu | AP217: Kadang-Kadang | AQ217: Tahu | AR217: 9
A218: 217 | B218: 46252.804 | C218: 46252.808 | D218: anonymous | G218: Laki-Laki | H218: 17 - 35 Tahun | I218: Diploma (D1/D2/D3) | J218: Lainnya | K218: Surat Pengantar;Surat Ketetangan Nikah;Surat Keterangan Status; | L218: Cukup Mudah | M218: Cukup Mudah | N218: Cepat | O218: Murah | P218: Sesuai | Q218: Sangat Jelas | R218: Sangat Sopan dan Sangat Ramah | S218: Cukup tersedia tapi kurang mendukung | T218: Ada dan sudah dikelola dengan cukup baik | U218: Wajar | V218: Wajar | W218: Wajar | X218: Wajar | Y218: Wajar | Z218: Wajar | AA218: Wajar | AB218: Wajar | AC218: Wajar | AD218: Selalu | AE218: Sering | AF218: Bersedia | AG218: Tahu | AH218: Tahu | AI218: Kurang Tahu | AJ218: Sangat Setuju | AK218: Tahu | AL218: Papan Pengumuman (Kantor Desa, Poskampling, Rumah Ketua RT dan tempat strategis lainnya) | AM218: Tersedia dan dapat diakses | AN218: Kotak Pengaduan | AO218: Tahu | AP218: Kadang-Kadang | AQ218: Tahu | AR218: 7
A219: 218 | B219: 46252.807 | C219: 46252.809 | D219: anonymous | G219: Perempuan | H219: 17 - 35 Tahun | I219: D4/S1/S2 | J219: ASN (PNS/PPPK) | K219: Surat Ketetangan Nikah; | L219: Sangat Mudah | M219: Sangat Mudah | N219: Sangat Cepat | O219: Gratis | P219: Sangat Sesuai | Q219: Sangat Jelas | R219: Sangat Sopan dan Sangat Ramah | S219: Tersedia dan sangat mendukung | T219: Ada dan sudah dikelola dengan sangat baik | U219: Wajar | V219: Cenderung Wajar | W219: Wajar | X219: Wajar | Y219: Wajar | Z219: Wajar | AA219: Wajar | AB219: Wajar | AC219: Wajar | AD219: Selalu | AE219: Sangat Sering | AF219: Sangat Bersedia | AG219: Sangat Tahu | AH219: Sangat Tahu | AI219: Sangat Tahu | AJ219: Sangat Setuju | AK219: Sangat Tahu | AL219: Papan Pengumuman dan Media Sosial | AM219: Tersedia dan dapat diakses | AN219: WA/SMS | AO219: Kurang Tahu | AP219: Ikut berpartisipasi | AQ219: Sangat Tahu | AR219: 10
A220: 219 | B220: 46252.808 | C220: 46252.815 | D220: anonymous | G220: Perempuan | H220: < 17 Tahun | I220: SMA | J220: Lainnya | K220: Lainnya; | L220: Cukup Mudah | M220: Cukup Mudah | N220: Cepat | O220: Gratis | P220: Sesuai | Q220: Sangat Jelas | R220: Sopan dan Ramah | S220: Cukup tersedia tapi kurang mendukung | T220: Ada dan sudah dikelola dengan cukup baik | U220: Cenderung Tidak Wajar | V220: Cenderung Tidak Wajar | W220: Cenderung Tidak Wajar | X220: Cenderung Wajar | Y220: Tidak Wajar | Z220: Cenderung Wajar | AA220: Tidak Wajar | AB220: Cenderung Tidak Wajar | AC220: Cenderung Tidak Wajar | AD220: Selalu | AE220: Sering | AF220: Sangat Bersedia | AG220: Tahu | AH220: Tahu | AI220: Tahu | AJ220: Sangat Setuju | AK220: Tahu | AL220: Papan Pengumuman (Kantor Desa, Poskampling, Rumah Ketua RT dan tempat strategis lainnya) | AM220: Tersedia tapi tidak dapat diakses | AN220: WA/SMS | AO220: Kurang Tahu | AP220: Ikut berpartisipasi | AQ220: Tahu | AR220: 6
A221: 220 | B221: 46252.806 | C221: 46252.818 | D221: anonymous | G221: Perempuan | H221: 17 - 35 Tahun | I221: D4/S1/S2 | J221: Lainnya | K221: Surat Pengantar;Surat Keterangan Domisili;Surat Keterangan Belum Menikah; | L221: Mudah | M221: Mudah | N221: Cepat | O221: Gratis | P221: Sesuai | Q221: Jelas | R221: Sopan dan Ramah | S221: Tersedia dan mendukung | T221: Ada tetapi belum dikelola dengan baik | U221: Tidak Wajar | V221: Cenderung Tidak Wajar | W221: Tidak Wajar | X221: Tidak Wajar | Y221: Tidak Wajar | Z221: Tidak Wajar | AA221: Cenderung Tidak Wajar | AB221: Cenderung Tidak Wajar | AC221: Cenderung Tidak Wajar | AD221: Selalu | AE221: Sering | AF221: Bersedia | AG221: Tahu | AH221: Tahu | AI221: Tahu | AJ221: Sangat Setuju | AK221: Tahu | AL221: Papan Pengumuman dan Media Sosial | AM221: Tersedia dan dapat diakses | AN221: WA/SMS | AO221: Kurang Tahu | AP221: Tidak Ikut | AQ221: Kurang Tahu | AR221: 9
A222: 221 | B222: 46252.815 | C222: 46252.818 | D222: anonymous | G222: Laki-Laki | H222: > 55 Tahun | I222: SMP | J222: Petani | K222: Surat Keterangan Izin Usaha;Surat Keterangan Izin Tempat Usaha; | L222: Cukup Mudah | M222: Cukup Mudah | N222: Cepat | O222: Gratis | P222: Sesuai | Q222: Kurang Jelas | R222: Sopan dan Ramah | S222: Cukup tersedia tapi kurang mendukung | T222: Ada tetapi belum dikelola dengan baik | U222: Tidak Wajar | V222: Tidak Wajar | W222: Tidak Wajar | X222: Tidak Wajar | Y222: Tidak Wajar | Z222: Tidak Wajar | AA222: Tidak Wajar | AB222: Tidak Wajar | AC222: Tidak Wajar | AD222: Kadang-Kadang | AE222: Sering | AF222: Bersedia | AG222: Tahu | AH222: Tahu | AI222: Kurang Tahu | AJ222: Setuju | AK222: Kurang Tahu | AL222: Papan Pengumuman (Kantor Desa, Poskampling, Rumah Ketua RT dan tempat strategis lainnya) | AM222: Tidak Tahu | AN222: Kotak Pengaduan | AO222: Kurang Tahu | AP222: Tidak Ikut | AQ222: Kurang Tahu | AR222: 4
A223: 222 | B223: 46252.818 | C223: 46252.82 | D223: anonymous | G223: Laki-Laki | H223: 17 - 35 Tahun | I223: D4/S1/S2 | J223: ASN (PNS/PPPK) | K223: Surat Ketetangan Nikah;Surat Keterangan Pindah Penduduk;Surat Keterangan Izin Usaha; | L223: Mudah | M223: Mudah | N223: Sangat Cepat | O223: Gratis | P223: Sangat Sesuai | Q223: Sangat Jelas | R223: Sopan dan Ramah | S223: Tersedia dan mendukung | T223: Ada dan sudah dikelola dengan cukup baik | U223: Tidak Wajar | V223: Tidak Wajar | W223: Tidak Wajar | X223: Tidak Wajar | Y223: Tidak Wajar | Z223: Tidak Wajar | AA223: Tidak Wajar | AB223: Tidak Wajar | AC223: Tidak Wajar | AD223: Selalu | AE223: Sangat Sering | AF223: Sangat Bersedia | AG223: Sangat Tahu | AH223: Sangat Tahu | AI223: Sangat Tahu | AJ223: Sangat Setuju | AK223: Sangat Tahu | AL223: Papan Pengumuman dan Media Sosial | AM223: Tersedia dan dapat diakses | AN223: Website/Media Sosial | AO223: Tidak Tahu | AP223: Ikut berpartisipasi | AQ223: Tahu | AR223: 10
A224: 223 | B224: 46252.818 | C224: 46252.82 | D224: anonymous | G224: Laki-Laki | H224: 17 - 35 Tahun | I224: Diploma (D1/D2/D3) | J224: POLRI | K224: Surat Keterangan Jual Beli Tanah; | L224: Mudah | M224: Mudah | N224: Cepat | O224: Murah | P224: Sesuai | Q224: Jelas | R224: Sopan dan Ramah | S224: Tersedia dan mendukung | T224: Ada dan sudah dikelola dengan cukup baik | U224: Cenderung Tidak Wajar | V224: Cenderung Tidak Wajar | W224: Cenderung Tidak Wajar | X224: Cenderung Tidak Wajar | Y224: Cenderung Tidak Wajar | Z224: Cenderung Tidak Wajar | AA224: Cenderung Tidak Wajar | AB224: Cenderung Tidak Wajar | AC224: Cenderung Tidak Wajar | AD224: Selalu | AE224: Sangat Sering | AF224: Sangat Bersedia | AG224: Sangat Tahu | AH224: Sangat Tahu | AI224: Tahu | AJ224: Sangat Setuju | AK224: Tahu | AL224: Website Desa / Media Sosial | AM224: Tersedia dan dapat diakses | AN224: Kotak Pengaduan | AO224: Tahu | AP224: Ikut terlibat dan berpartisipasi | AQ224: Tahu | AR224: 8
A225: 224 | B225: 46252.817 | C225: 46252.821 | D225: anonymous | G225: Perempuan | H225: 17 - 35 Tahun | I225: SMA | J225: Lainnya | K225: Surat Pengantar; | L225: Mudah | M225: Mudah | N225: Cepat | O225: Gratis | P225: Sesuai | Q225: Jelas | R225: Sopan dan Ramah | S225: Tersedia dan mendukung | T225: Ada dan sudah dikelola dengan cukup baik | U225: Cenderung Wajar | V225: Cenderung Tidak Wajar | W225: Tidak Wajar | X225: Cenderung Tidak Wajar | Y225: Tidak Wajar | Z225: Cenderung Wajar | AA225: Tidak Wajar | AB225: Tidak Wajar | AC225: Tidak Wajar | AD225: Pernah | AE225: Sering | AF225: Bersedia | AG225: Tahu | AH225: Tahu | AI225: Tahu | AJ225: Setuju | AK225: Tahu | AL225: Papan Pengumuman (Kantor Desa, Poskampling, Rumah Ketua RT dan tempat strategis lainnya) | AM225: Tersedia dan dapat diakses | AN225: WA/SMS | AO225: Tahu | AP225: Kadang-Kadang | AQ225: Tahu | AR225: 9
A226: 225 | B226: 46252.82 | C226: 46252.822 | D226: anonymous | G226: Perempuan | H226: < 17 Tahun | I226: SMA | J226: Lainnya | K226: Surat Pengantar;Surat Keterangan Tidak Mampu;Surat Keterangan Domisili; | L226: Mudah | M226: Mudah | N226: Cepat | O226: Murah | P226: Sesuai | Q226: Jelas | R226: Sopan dan Ramah | S226: Tersedia dan mendukung | T226: Ada dan sudah dikelola dengan cukup baik | U226: Tidak Wajar | V226: Cenderung Tidak Wajar | W226: Tidak Wajar | X226: Cenderung Tidak Wajar | Y226: Tidak Wajar | Z226: Cenderung Tidak Wajar | AA226: Cenderung Tidak Wajar | AB226: Cenderung Tidak Wajar | AC226: Cenderung Tidak Wajar | AD226: Pernah | AE226: Sering | AF226: Bersedia | AG226: Kurang Tahu | AH226: Tidak Tahu | AI226: Kurang Tahu | AJ226: Sangat Setuju | AK226: Kurang Tahu | AL226: Papan Pengumuman (Kantor Desa, Poskampling, Rumah Ketua RT dan tempat strategis lainnya) | AM226: Tidak Tersedia | AN226: WA/SMS | AO226: Kurang Tahu | AP226: Kadang-Kadang | AQ226: Kurang Tahu | AR226: 8
A227: 226 | B227: 46252.82 | C227: 46252.824 | D227: anonymous | G227: Perempuan | H227: 36 - 55 Tahun | I227: Sekolah Dasar | J227: Pedagang | K227: Surat Keterangan Izin Usaha;Surat Keterangan Izin Tempat Usaha; | L227: Cukup Mudah | M227: Cukup Mudah | N227: Cepat | O227: Murah | P227: Sesuai | Q227: Jelas | R227: Sopan dan Ramah | S227: Tersedia dan mendukung | T227: Ada tetapi belum dikelola dengan baik | U227: Tidak Wajar | V227: Cenderung Tidak Wajar | W227: Cenderung Tidak Wajar | X227: Tidak Wajar | Y227: Tidak Wajar | Z227: Cenderung Tidak Wajar | AA227: Tidak Wajar | AB227: Cenderung Tidak Wajar | AC227: Cenderung Tidak Wajar | AD227: Pernah | AE227: Sering | AF227: Bersedia | AG227: Tahu | AH227: Tahu | AI227: Sangat Tahu | AJ227: Sangat Setuju | AK227: Sangat Tahu | AL227: Papan Pengumuman dan Media Sosial | AM227: Tersedia dan dapat diakses | AN227: Kotak Pengaduan | AO227: Tahu | AP227: Kadang-Kadang | AQ227: Tahu | AR227: 7
A228: 227 | B228: 46252.812 | C228: 46252.831 | D228: anonymous | G228: Laki-Laki | H228: 17 - 35 Tahun | I228: SMP | J228: Lainnya | K228: Surat Pengantar;Surat Keterangan Kelahiran;Surat Keterangan Usaha; | L228: Mudah | M228: Mudah | N228: Cepat | O228: Gratis | P228: Sesuai | Q228: Jelas | R228: Sopan dan Ramah | S228: Tersedia dan mendukung | T228: Ada dan sudah dikelola dengan cukup baik | U228: Tidak Wajar | V228: Tidak Wajar | W228: Tidak Wajar | X228: Tidak Wajar | Y228: Tidak Wajar | Z228: Cenderung Tidak Wajar | AA228: Tidak Wajar | AB228: Tidak Wajar | AC228: Tidak Wajar | AD228: Selalu | AE228: Jarang | AF228: Bersedia | AG228: Tahu | AH228: Tahu | AI228: Tahu | AJ228: Sangat Setuju | AK228: Tahu | AL228: Papan Pengumuman dan Media Sosial | AM228: Tersedia dan dapat diakses | AN228: Kotak Pengaduan | AO228: Tahu | AP228: Tidak Ikut | AQ228: Tahu | AR228: 7 | AS228: pelayanan sudah baik mohon untuk ditingkatkan lagi
A229: 228 | B229: 46252.831 | C229: 46252.842 | D229: anonymous | G229: Laki-Laki | H229: 36 - 55 Tahun | I229: SMP | J229: Petani | K229: Surat Keterangan Kepemilikan / Hak Milik;Surat Keterangan Kematian;Surat Keterangan Ahli Waris; | L229: Mudah | M229: Mudah | N229: Kurang Cepat | O229: Gratis | P229: Sesuai | Q229: Jelas | R229: Sangat Sopan dan Sangat Ramah | S229: Tersedia dan sangat mendukung | T229: Ada dan sudah dikelola dengan cukup baik | U229: Tidak Wajar | V229: Tidak Wajar | W229: Tidak Wajar | X229: Tidak Wajar | Y229: Tidak Wajar | Z229: Cenderung Tidak Wajar | AA229: Tidak Wajar | AB229: Tidak Wajar | AC229: Tidak Wajar | AD229: Selalu | AE229: Jarang | AF229: Ragu-Ragu | AG229: Tahu | AH229: Tahu | AI229: Tahu | AJ229: Sangat Setuju | AK229: Tahu | AL229: Papan Pengumuman dan Media Sosial | AM229: Tersedia dan dapat diakses | AN229: Kotak Pengaduan | AO229: Tahu | AP229: Tidak Ikut | AQ229: Tahu | AR229: 8 | AS229: pelayanan baik
A230: 229 | B230: 46252.875 | C230: 46252.876 | D230: anonymous | G230: Perempuan | H230: 36 - 55 Tahun | I230: Diploma (D1/D2/D3) | J230: Pedagang | K230: Surat Keterangan Kematian;Surat Keterangan Pindah Penduduk;Surat Keterangan Kehilangan; | L230: Mudah | M230: Mudah | N230: Cepat | O230: Gratis | P230: Sangat Sesuai | Q230: Jelas | R230: Sopan dan Ramah | S230: Tersedia dan mendukung | T230: Ada dan sudah dikelola dengan sangat baik | U230: Cenderung Tidak Wajar | V230: Tidak Wajar | W230: Tidak Wajar | X230: Cenderung Tidak Wajar | Y230: Cenderung Tidak Wajar | Z230: Tidak Wajar | AA230: Tidak Wajar | AB230: Cenderung Tidak Wajar | AC230: Cenderung Tidak Wajar | AD230: Pernah | AE230: Sering | AF230: Bersedia | AG230: Tahu | AH230: Tahu | AI230: Kurang Tahu | AJ230: Setuju | AK230: Kurang Tahu | AL230: Papan Pengumuman (Kantor Desa, Poskampling, Rumah Ketua RT dan tempat strategis lainnya) | AM230: Tersedia dan dapat diakses | AN230: WA/SMS | AO230: Kurang Tahu | AP230: Kadang-Kadang | AQ230: Kurang Tahu | AR230: 9
A231: 230 | B231: 46252.877 | C231: 46252.879 | D231: anonymous | G231: Laki-Laki | H231: 36 - 55 Tahun | I231: SMA | J231: Pegawai Swasta | K231: Surat Keterangan Status;Surat Keterangan Pindah Penduduk;Surat Keterangan Kepemilikan / Hak Milik; | L231: Sangat Mudah | M231: Sangat Mudah | N231: Cepat | O231: Gratis | P231: Sesuai | Q231: Sangat Jelas | R231: Sopan dan Ramah | S231: Tersedia dan sangat mendukung | T231: Ada dan sudah dikelola dengan cukup baik | U231: Tidak Wajar | V231: Cenderung Tidak Wajar | W231: Tidak Wajar | X231: Tidak Wajar | Y231: Cenderung Tidak Wajar | Z231: Cenderung Tidak Wajar | AA231: Cenderung Tidak Wajar | AB231: Tidak Wajar | AC231: Tidak Wajar | AD231: Tidak Pernah | AE231: Sangat Sering | AF231: Bersedia | AG231: Sangat Tahu | AH231: Tahu | AI231: Tahu | AJ231: Sangat Setuju | AK231: Tahu | AL231: Website Desa / Media Sosial | AM231: Tersedia dan dapat diakses | AN231: WA/SMS | AO231: Tahu | AP231: Ikut terlibat dan berpartisipasi | AQ231: Sangat Tahu | AR231: 8
A232: 231 | B232: 46252.881 | C232: 46252.884 | D232: anonymous | G232: Laki-Laki | H232: < 17 Tahun | I232: SMP | J232: Lainnya | K232: Surat Keterangan Kelahiran;Surat Keterangan Domisili;Surat Keterangan Tidak Mampu; | L232: Mudah | M232: Mudah | N232: Cepat | O232: Murah | P232: Sesuai | Q232: Tidak Jelas | R232: Sangat Sopan dan Sangat Ramah | S232: Tersedia dan mendukung | T232: Ada dan sudah dikelola dengan sangat baik | U232: Tidak Wajar | V232: Tidak Wajar | W232: Tidak Wajar | X232: Wajar | Y232: Tidak Wajar | Z232: Tidak Wajar | AA232: Tidak Wajar | AB232: Tidak Wajar | AC232: Tidak Wajar | AD232: Pernah | AE232: Sangat Sering | AF232: Bersedia | AG232: Sangat Tahu | AH232: Tahu | AI232: Tahu | AJ232: Setuju | AK232: Kurang Tahu | AL232: Papan Pengumuman (Kantor Desa, Poskampling, Rumah Ketua RT dan tempat strategis lainnya) | AM232: Tersedia dan dapat diakses | AN232: Kotak Pengaduan | AO232: Tidak Tahu | AP232: Tidak Ikut | AQ232: Tidak Tahu | AR232: 7
A233: 232 | B233: 46252.885 | C233: 46252.889 | D233: anonymous | G233: Laki-Laki | H233: < 17 Tahun | I233: Tidak Sekolah/Tidak Tamat | J233: Lainnya | K233: Surat Keterangan Kelahiran;Surat Keterangan Pindah Penduduk;Surat Keterangan Kehilangan; | L233: Mudah | M233: Mudah | N233: Cepat | O233: Murah | P233: Sesuai | Q233: Jelas | R233: Sopan dan Ramah | S233: Tersedia dan mendukung | T233: Ada dan sudah dikelola dengan cukup baik | U233: Cenderung Tidak Wajar | V233: Cenderung Tidak Wajar | W233: Cenderung Tidak Wajar | X233: Cenderung Tidak Wajar | Y233: Cenderung Tidak Wajar | Z233: Cenderung Tidak Wajar | AA233: Cenderung Tidak Wajar | AB233: Cenderung Tidak Wajar | AC233: Cenderung Tidak Wajar | AD233: Pernah | AE233: Sangat Sering | AF233: Bersedia | AG233: Tahu | AH233: Tahu | AI233: Tahu | AJ233: Sangat Setuju | AK233: Tahu | AL233: Papan Pengumuman (Kantor Desa, Poskampling, Rumah Ketua RT dan tempat strategis lainnya) | AM233: Tersedia dan dapat diakses | AN233: Kotak Pengaduan | AO233: Kurang Tahu | AP233: Ikut berpartisipasi | AQ233: Tahu | AR233: 7
A234: 233 | B234: 46252.889 | C234: 46252.898 | D234: anonymous | G234: Laki-Laki | H234: 17 - 35 Tahun | I234: D4/S1/S2 | J234: TNI | K234: Surat Keterangan Domisili;Surat Ketetangan Nikah;Surat Keterangan Kepemilikan / Hak Milik; | L234: Mudah | M234: Sangat Mudah | N234: Cepat | O234: Gratis | P234: Sesuai | Q234: Sangat Jelas | R234: Sangat Sopan dan Sangat Ramah | S234: Tersedia dan sangat mendukung | T234: Ada dan sudah dikelola dengan cukup baik | U234: Tidak Wajar | V234: Tidak Wajar | W234: Cenderung Tidak Wajar | X234: Cenderung Tidak Wajar | Y234: Cenderung Tidak Wajar | Z234: Tidak Wajar | AA234: Cenderung Tidak Wajar | AB234: Tidak Wajar | AC234: Cenderung Tidak Wajar | AD234: Selalu | AE234: Sangat Sering | AF234: Sangat Bersedia | AG234: Kurang Tahu | AH234: Tahu | AI234: Tahu | AJ234: Sangat Setuju | AK234: Tahu | AL234: Website Desa / Media Sosial | AM234: Tersedia dan dapat diakses | AN234: Kotak Pengaduan | AO234: Tahu | AP234: Kadang-Kadang | AQ234: Tahu | AR234: 8
A235: 234 | B235: 46253.324 | C235: 46253.326 | D235: anonymous | G235: Laki-Laki | H235: > 55 Tahun | I235: Sekolah Dasar | J235: Petani | K235: Surat Keterangan Kehilangan;Surat Keterangan Domisili;Surat Keterangan Kematian; | L235: Mudah | M235: Sangat Mudah | N235: Sangat Cepat | O235: Gratis | P235: Sangat Sesuai | Q235: Sangat Jelas | R235: Sopan dan Ramah | S235: Tersedia dan sangat mendukung | T235: Ada dan sudah dikelola dengan cukup baik | U235: Tidak Wajar | V235: Cenderung Tidak Wajar | W235: Tidak Wajar | X235: Tidak Wajar | Y235: Cenderung Tidak Wajar | Z235: Tidak Wajar | AA235: Cenderung Tidak Wajar | AB235: Cenderung Tidak Wajar | AC235: Cenderung Tidak Wajar | AD235: Pernah | AE235: Jarang | AF235: Bersedia | AG235: Kurang Tahu | AH235: Kurang Tahu | AI235: Kurang Tahu | AJ235: Setuju | AK235: Kurang Tahu | AL235: Tidak Tahu | AM235: Tidak Tahu | AN235: Tidak Tahu | AO235: Tidak Tahu | AP235: Tidak Ikut | AQ235: Kurang Tahu | AR235: 8
A236: 235 | B236: 46253.326 | C236: 46253.327 | D236: anonymous | G236: Perempuan | H236: 36 - 55 Tahun | I236: SMP | J236: Pegawai Swasta | K236: Surat Keterangan Kematian;Surat Keterangan Domisili;Surat Ketetangan Nikah; | L236: Cukup Mudah | M236: Cukup Mudah | N236: Cepat | O236: Murah | P236: Sesuai | Q236: Jelas | R236: Sopan dan Ramah | S236: Tersedia dan sangat mendukung | T236: Ada dan sudah dikelola dengan sangat baik | U236: Cenderung Tidak Wajar | V236: Tidak Wajar | W236: Tidak Wajar | X236: Cenderung Tidak Wajar | Y236: Cenderung Tidak Wajar | Z236: Cenderung Tidak Wajar | AA236: Tidak Wajar | AB236: Tidak Wajar | AC236: Tidak Wajar | AD236: Selalu | AE236: Sangat Sering | AF236: Sangat Bersedia | AG236: Tahu | AH236: Kurang Tahu | AI236: Tahu | AJ236: Sangat Setuju | AK236: Tahu | AL236: Papan Pengumuman dan Media Sosial | AM236: Tersedia dan dapat diakses | AN236: Website/Media Sosial | AO236: Kurang Tahu | AP236: Tidak Ikut | AQ236: Tidak Tahu | AR236: 8
A237: 236 | B237: 46253.328 | C237: 46253.329 | D237: anonymous | G237: Perempuan | H237: 36 - 55 Tahun | I237: Diploma (D1/D2/D3) | J237: Pegawai Swasta | K237: Surat Keterangan Kehilangan; | L237: Mudah | M237: Mudah | N237: Cepat | O237: Gratis | P237: Sesuai | Q237: Jelas | R237: Sopan dan Ramah | S237: Tersedia dan mendukung | T237: Ada dan sudah dikelola dengan cukup baik | U237: Tidak Wajar | V237: Cenderung Tidak Wajar | W237: Cenderung Tidak Wajar | X237: Cenderung Tidak Wajar | Y237: Cenderung Tidak Wajar | Z237: Cenderung Tidak Wajar | AA237: Cenderung Tidak Wajar | AB237: Cenderung Tidak Wajar | AC237: Cenderung Tidak Wajar | AD237: Pernah | AE237: Sangat Sering | AF237: Bersedia | AG237: Tahu | AH237: Tahu | AI237: Tahu | AJ237: Setuju | AK237: Tahu | AL237: Papan Pengumuman (Kantor Desa, Poskampling, Rumah Ketua RT dan tempat strategis lainnya) | AM237: Tersedia tapi tidak dapat diakses | AN237: Website/Media Sosial | AO237: Tahu | AP237: Kadang-Kadang | AQ237: Tahu | AR237: 6
A238: 237 | B238: 46253.327 | C238: 46253.329 | D238: anonymous | G238: Laki-Laki | H238: < 17 Tahun | I238: Sekolah Dasar | J238: Lainnya | K238: Surat Pengantar;Surat Keterangan Kelahiran; | L238: Sangat Mudah | M238: Sangat Mudah | N238: Cepat | O238: Gratis | P238: Sesuai | Q238: Sangat Jelas | R238: Sangat Sopan dan Sangat Ramah | S238: Tersedia dan mendukung | T238: Ada dan sudah dikelola dengan sangat baik | U238: Cenderung Tidak Wajar | V238: Cenderung Tidak Wajar | W238: Cenderung Tidak Wajar | X238: Tidak Wajar | Y238: Tidak Wajar | Z238: Tidak Wajar | AA238: Tidak Wajar | AB238: Tidak Wajar | AC238: Tidak Wajar | AD238: Selalu | AE238: Sangat Sering | AF238: Bersedia | AG238: Tidak Tahu | AH238: Tidak Tahu | AI238: Tidak Tahu | AJ238: Sangat Setuju | AK238: Tidak Tahu | AL238: Tidak Tahu | AM238: Tidak Tahu | AN238: Tidak Tahu | AO238: Tidak Tahu | AP238: Tidak Ikut | AQ238: Tidak Tahu | AR238: 8
A239: 238 | B239: 46253.329 | C239: 46253.33 | D239: anonymous | G239: Laki-Laki | H239: < 17 Tahun | I239: Tidak Sekolah/Tidak Tamat | J239: Lainnya | K239: Surat Keterangan Pindah Penduduk;Surat Keterangan Status; | L239: Cukup Mudah | M239: Cukup Mudah | N239: Kurang Cepat | O239: Cukup Mahal | P239: Sesuai | Q239: Kurang Jelas | R239: Sopan dan Ramah | S239: Cukup tersedia tapi kurang mendukung | T239: Ada dan sudah dikelola dengan cukup baik | U239: Tidak Wajar | V239: Tidak Wajar | W239: Tidak Wajar | X239: Tidak Wajar | Y239: Tidak Wajar | Z239: Tidak Wajar | AA239: Tidak Wajar | AB239: Tidak Wajar | AC239: Tidak Wajar | AD239: Kadang-Kadang | AE239: Sering | AF239: Bersedia | AG239: Tahu | AH239: Tahu | AI239: Kurang Tahu | AJ239: Setuju | AK239: Kurang Tahu | AL239: Tidak Tahu | AM239: Tidak Tahu | AN239: Tidak Tahu | AO239: Kurang Tahu | AP239: Tidak Ikut | AQ239: Kurang Tahu | AR239: 3
A240: 239 | B240: 46253.33 | C240: 46253.331 | D240: anonymous | G240: Laki-Laki | H240: 17 - 35 Tahun | I240: D4/S1/S2 | J240: Pedagang | K240: Surat Keterangan Izin Tempat Usaha;Surat Keterangan Izin Usaha;Surat Keterangan Usaha; | L240: Sangat Mudah | M240: Sangat Mudah | N240: Sangat Cepat | O240: Cukup Mahal | P240: Sangat Sesuai | Q240: Sangat Jelas | R240: Sangat Sopan dan Sangat Ramah | S240: Tersedia dan mendukung | T240: Ada dan sudah dikelola dengan sangat baik | U240: Tidak Wajar | V240: Tidak Wajar | W240: Cenderung Tidak Wajar | X240: Cenderung Tidak Wajar | Y240: Tidak Wajar | Z240: Tidak Wajar | AA240: Cenderung Tidak Wajar | AB240: Cenderung Tidak Wajar | AC240: Tidak Wajar | AD240: Selalu | AE240: Sangat Sering | AF240: Sangat Bersedia | AG240: Tahu | AH240: Tahu | AI240: Sangat Tahu | AJ240: Sangat Setuju | AK240: Sangat Tahu | AL240: Website Desa / Media Sosial | AM240: Tersedia tapi tidak dapat diakses | AN240: Kotak Pengaduan | AO240: Sangat Tahu | AP240: Ikut terlibat dan berpartisipasi | AQ240: Sangat Tahu | AR240: 9
A241: 240 | B241: 46253.333 | C241: 46253.334 | D241: anonymous | G241: Laki-Laki | H241: 36 - 55 Tahun | I241: Diploma (D1/D2/D3) | J241: TNI | K241: Surat Keterangan Pindah Penduduk; | L241: Mudah | M241: Mudah | N241: Cepat | O241: Murah | P241: Sesuai | Q241: Jelas | R241: Sopan dan Ramah | S241: Tersedia dan mendukung | T241: Ada dan sudah dikelola dengan cukup baik | U241: Cenderung Tidak Wajar | V241: Cenderung Tidak Wajar | W241: Cenderung Tidak Wajar | X241: Cenderung Tidak Wajar | Y241: Cenderung Tidak Wajar | Z241: Cenderung Tidak Wajar | AA241: Cenderung Tidak Wajar | AB241: Cenderung Tidak Wajar | AC241: Cenderung Tidak Wajar | AD241: Pernah | AE241: Sering | AF241: Bersedia | AG241: Tahu | AH241: Tahu | AI241: Tahu | AJ241: Setuju | AK241: Tahu | AL241: Papan Pengumuman dan Media Sosial | AM241: Tersedia tapi tidak dapat diakses | AN241: WA/SMS | AO241: Tahu | AP241: Kadang-Kadang | AQ241: Tahu | AR241: 7
... A256: 255 | B256: 46253.584 | C256: 46253.584 | D256: anonymous | G256: Laki-Laki | H256: 36 - 55 Tahun | I256: Diploma (D1/D2/D3) | J256: Pedagang | K256: Surat Keterangan Izin Usaha;Surat Keterangan Izin Tempat Usaha;Surat Keterangan Usaha; | L256: Mudah | M256: Mudah | N256: Cepat | O256: Murah | P256: Sesuai | Q256: Jelas | R256: Sopan dan Ramah | S256: Tersedia dan mendukung | T256: Ada dan sudah dikelola dengan cukup baik | U256: Cenderung Tidak Wajar | V256: Cenderung Tidak Wajar | W256: Cenderung Tidak Wajar | X256: Tidak Wajar | Y256: Tidak Wajar | Z256: Tidak Wajar | AA256: Cenderung Tidak Wajar | AB256: Cenderung Tidak Wajar | AC256: Cenderung Tidak Wajar | AD256: Pernah | AE256: Sering | AF256: Bersedia | AG256: Tahu | AH256: Tahu | AI256: Tahu | AJ256: Setuju | AK256: Tahu | AL256: Website Desa / Media Sosial | AM256: Tersedia dan dapat diakses | AN256: Kotak Pengaduan | AO256: Tahu | AP256: Ikut berpartisipasi | AQ256: Tahu | AR256: 9

Sheet Publikasi Grafis
A1: HASIL SURVEI MASYARAKAT DESA MERTASARI
A3: 255 responden • 30 Juni–19 Agustus 2026 • Pelayanan Baik, Perbaikan Terus Dilakukan
A5: IKM LAYANAN • SKALA 1–4 → INDEKS | D5: ANTIKORUPSI • SKALA 1–4 → INDEKS | G5: PEMAHAMAN UMUM • INDEKS
A6: =TEXT(AVERAGE('SKM Layanan'!E6:E14),"0.00")&" / 4 → "&TEXT('SKM Layanan'!F17,"0.00")&" / 100" -> 3.32 / 4 → 83.02 / 100 | D6: =TEXT(AVERAGE(Antikorupsi!E6:E14),"0.00")&" / 4 → "&TEXT(Antikorupsi!F17,"0.00")&" / 100" -> 3.30 / 4 → 82.58 / 100 | G6: =TEXT(Pemahaman!F20,"0.00")&" / 100" -> 73.74 / 100
A9: Pelayanan memperoleh nilai 83,02 (B/Baik). Kekuatan terbesar adalah biaya/tarif. Perbaikan diprioritaskan pada pengaduan, kepastian waktu, kualitas dokumen, partisipasi RKP Desa, dan keterbukaan APBDes.
A11: Rumus konversi: Indeks = nilai rata-rata skala 1–4 × 25. Contoh IKM: 3,32 × 25 = 83,02.
A12: PERBANDINGAN HASIL UTAMA
A13: Indikator | B13: Skala 1–4 | C13: Indeks 25–100
A14: IKM Layanan | B14: =AVERAGE('SKM Layanan'!E6:E14) -> 3.3206972 | C14: ='SKM Layanan'!F17 -> 83.017429
A15: Antikorupsi | B15: =AVERAGE(Antikorupsi!E6:E14) -> 3.303268 | C15: =Antikorupsi!F17 -> 82.581699
A16: Pemahaman Umum | B16: =Pemahaman!F20/25 -> 2.9496732 | C16: =Pemahaman!F20 -> 73.74183
A27: PRIORITAS PERBAIKAN LAYANAN
A28: 1. PENGADUAN | D28: 2. WAKTU LAYANAN | G28: 3. KUALITAS DOKUMEN
A29: Kanal resmi, nomor tiket, register, respons awal maksimal 1 hari kerja, dan publikasi tindak lanjut. | D29: Standar waktu per jenis layanan, pencatatan waktu masuk–selesai, dan evaluasi keterlambatan. | G29: Checklist persyaratan, verifikasi data, dan pemeriksaan akhir sebelum dokumen diserahkan.
A33: KOMITMEN PEMERINTAH DESA
A34: ✓ | B34: Seluruh pengaduan dicatat dan dipantau | C34: ✓ | D34: Minimal 90% layanan selesai sesuai standar | E34: ✓ | F34: Informasi APBDes diperbarui berkala | G34: ✓ | H34: Usulan RKP diberi status dan alasan
A35: ✓ | B35: Tarif resmi/gratis diumumkan jelas | C35: ✓ | D35: Checklist digunakan untuk seluruh dokumen | E35: ✓ | F35: Forum RKP disebarkan minimal H-7 | G35: ✓ | H35: Hasil tindak lanjut dipublikasikan
A36: ✓ | B36: Monitoring dilakukan mingguan dan bulanan | C36: ✓ | D36: Evaluasi bersama BPD secara triwulanan | E36: ✓ | F36: Survei diulang minimal setiap tahun | G36: ✓ | H36: Bukti pelaksanaan tersedia untuk masyarakat
A38: MARI IKUT MEMPERBAIKI PELAYANAN DESA Sampaikan pengaduan melalui kanal resmi • Ikuti forum RKP Desa • Baca informasi APBDes • Pantau tindak lanjut secara berkala
A41: Terima kasih atas partisipasi masyarakat. Hasil survei menjadi dasar perbaikan layanan, transparansi, dan akuntabilitas Desa Mertasari.

Sheet Konsep Publikasi
A1: KONSEP PUBLIKASI HASIL SURVEI MASYARAKAT DESA MERTASARI
A2: Format yang dapat dipakai untuk menyampaikan informasi ke masyarakat melalui papan layanan, media sosial, website desa, dan ruang rapat
A4: 1. TARGET PESERTA DAN SALURAN INFORMASI
A5: Target audiens | B5: Warga pemohon layanan, RT/RW, tokoh masyarakat, kelompok perempuan, pemuda, BPD, perangkat desa, dan unsur pendamping.
A6: Saluran utama | B6: Papan pengumuman desa, ruang layanan, website desa, Facebook/WhatsApp group, dan media sosial desa.
A7: Pesan kunci | B7: Hasil survei dipublikasikan secara transparan, ringkas, mudah dibaca, dan disertai rencana tindak lanjut.
A8: Format penyajian | B8: Poster singkat, infografik 1 lembar, ringkasan 1 halaman, dan konten media sosial 3–5 slide.
A10: 2. PESAN UTAMA YANG HARUS DISAMPAIKAN
A11: A. Kinerja layanan | B11: IKM layanan 83,02 berada pada kategori Baik. Nilai ini menunjukkan pelayanan telah berjalan baik, tetapi masih perlu perbaikan pada pengaduan, waktu, dan hasil layanan.
A12: B. Kekuatan yang harus dipertahankan | B12: Biaya/tarif mendapat penilaian tertinggi. Layanan gratis atau murah tetap menjadi kekuatan utama yang perlu dijaga.
A13: C. Isu prioritas masyarakat | B13: Pengaduan, waktu penyelesaian, dan produk layanan menjadi fokus perbaikan.
A14: D. Isu tata kelola desa | B14: Partisipasi RKP Desa dan pengetahuan APBDes perlu diperkuat agar warga lebih memahami proses pembangunan dan anggaran desa.
A15: E. Integritas dan transparansi | B15: Masyarakat menilai integritas perangkat desa baik, tetapi edukasi mengenai konflik kepentingan, penggunaan aset, dan pengelolaan bantuan perlu ditingkatkan.
A17: 3. BLOK KONTEN PUBLIKASI (SIAP DIPAKAI)
A18: Blok 1 | B18: Judul: Hasil Survei Kepuasan Masyarakat Desa Mertasari | C18: Subjudul: 255 responden, periode 30 Juni–19 Agustus 2026 | D18: Teks singkat: Pelayanan dinilai baik, tetapi perlu perbaikan pada pengaduan, waktu, dan hasil layanan.
A19: Blok 2 | B19: Nilai utama | C19: IKM Layanan 83,02 | Antikorupsi 82,58 | Pemahaman Umum 73,74 | D19: Gunakan angka besar dan warna pembeda untuk memudahkan pembacaan.
A20: Blok 3 | B20: Tiga isu prioritas | C20: Penanganan pengaduan, waktu penyelesaian, dan produk layanan. | D20: Tambahkan penjelasan singkat tentang apa yang akan diperbaiki dan kapan.
A21: Blok 4 | B21: Program yang sedang dijalankan | C21: Perbaikan pengaduan, standar waktu, checklist dokumen, forum RKP, dan publikasi APBDes. | D21: Jelaskan bahwa pelaksanaan program disertai monitoring dan evaluasi.
A22: Blok 5 | B22: Panggilan kepada masyarakat | C22: Mari ikut berpartisipasi dalam perencanaan desa, menyampaikan pengaduan, dan membaca informasi desa. | D22: Tampilkan kanal kontak, kanal pengaduan, dan tombol/tautan jika tersedia.
A23: Blok 6 | B23: Pesan penutup | C23: Hasil survei ini menjadi dasar perbaikan layanan, transparansi, dan akuntabilitas desa. | D23: Sampaikan bahwa masyarakat dapat mengawasi hasil perbaikan melalui publikasi berkala.
A25: 4. REKOMENDASI FORMAT PUBLIKASI
A26: Poster/leaflet | B26: Ukuran A4 atau A3, judul besar, warna dominan biru, ikon sederhana, data ringkas, dan CTA (ajakan bertindak).
A27: Infografik 1 lembar | B27: Tampilkan 3 indikator utama, 3 isu prioritas, 3 program, dan 1 ajakan partisipasi.
A28: Media sosial | B28: Gunakan 3–5 slide berisi angka utama, isu prioritas, hasil perbaikan, dan ajakan ikut berpartisipasi.
A29: Website desa | B29: Publikasikan hasil survei, ringkasan eksekutif, grafik sederhana, indikator, dan daftar aksi yang sudah dijalankan.
A30: Ruang layanan | B30: Pasang ringkasan hasil survei di dekat loket, beserta informasi kanal pengaduan dan waktu respons.
A32: 5. TEKS RINGKAS SIAP PAKAI (VERSI PENGUMUMAN)
A33: Teks 1 | B33: Hasil survei kepuasan masyarakat Desa Mertasari menunjukkan pelayanan dinilai baik dengan indeks 83,02. Kami akan terus memperbaiki pengaduan, waktu layanan, dan hasil layanan agar masyarakat semakin puas.
A34: Teks 2 | B34: Pengaduan, waktu penyelesaian, dan produk layanan menjadi fokus perbaikan pada periode mendatang. Warga juga diminta lebih aktif mengikuti proses perencanaan desa melalui forum RKP Desa dan membaca informasi APBDes.
A35: Teks 3 | B35: Desa Mertasari menyampaikan terima kasih atas partisipasi masyarakat. Hasil survei ini akan menjadi dasar perbaikan layanan, transparansi, dan akuntabilitas desa secara berkala.
A36: Teks 4 | B36: Untuk mengetahui perkembangan layanan, masyarakat dapat menyampaikan pendapat melalui kanal yang tersedia dan mengikuti publikasi hasil survei pada papan pengumuman, website desa, dan media sosial.
A37: Teks 5 | B37: Perbaikan layanan desa tidak akan berjalan tanpa partisipasi warga. Mari bersama-sama menjaga kualitas pelayanan, transparansi, dan tata kelola desa yang baik.
